--
-- PostgreSQL database dump
--

-- Dumped from database version 16.9 (Ubuntu 16.9-0ubuntu0.24.04.1)
-- Dumped by pg_dump version 16.9 (Ubuntu 16.9-0ubuntu0.24.04.1)

SET statement_timeout = 0;
SET lock_timeout = 0;
SET idle_in_transaction_session_timeout = 0;
SET client_encoding = 'UTF8';
SET standard_conforming_strings = on;
SELECT pg_catalog.set_config('search_path', '', false);
SET check_function_bodies = false;
SET xmloption = content;
SET client_min_messages = warning;
SET row_security = off;

SET default_tablespace = '';

SET default_table_access_method = heap;

--
-- Name: admin_app_businesshours; Type: TABLE; Schema: public; Owner: postgres
--

CREATE TABLE public.admin_app_businesshours (
    id bigint NOT NULL,
    day integer NOT NULL,
    opening_time time without time zone,
    closing_time time without time zone,
    is_closed boolean NOT NULL,
    clinic_id bigint NOT NULL
);


ALTER TABLE public.admin_app_businesshours OWNER TO postgres;

--
-- Name: admin_app_businesshours_id_seq; Type: SEQUENCE; Schema: public; Owner: postgres
--

ALTER TABLE public.admin_app_businesshours ALTER COLUMN id ADD GENERATED BY DEFAULT AS IDENTITY (
    SEQUENCE NAME public.admin_app_businesshours_id_seq
    START WITH 1
    INCREMENT BY 1
    NO MINVALUE
    NO MAXVALUE
    CACHE 1
);


--
-- Name: admin_app_clinicimage; Type: TABLE; Schema: public; Owner: postgres
--

CREATE TABLE public.admin_app_clinicimage (
    id bigint NOT NULL,
    image_file character varying(100),
    image_url text,
    caption character varying(255),
    is_primary boolean NOT NULL,
    created_at timestamp with time zone NOT NULL,
    clinic_id bigint NOT NULL
);


ALTER TABLE public.admin_app_clinicimage OWNER TO postgres;

--
-- Name: admin_app_clinicimage_id_seq; Type: SEQUENCE; Schema: public; Owner: postgres
--

ALTER TABLE public.admin_app_clinicimage ALTER COLUMN id ADD GENERATED BY DEFAULT AS IDENTITY (
    SEQUENCE NAME public.admin_app_clinicimage_id_seq
    START WITH 1
    INCREMENT BY 1
    NO MINVALUE
    NO MAXVALUE
    CACHE 1
);


--
-- Name: admin_app_dentalclinic; Type: TABLE; Schema: public; Owner: postgres
--

CREATE TABLE public.admin_app_dentalclinic (
    id bigint NOT NULL,
    name character varying(255) NOT NULL,
    description text,
    address character varying(255) NOT NULL,
    latitude double precision NOT NULL,
    longitude double precision NOT NULL,
    rating double precision,
    phone_number character varying(50),
    website character varying(200),
    created_at timestamp with time zone NOT NULL,
    updated_at timestamp with time zone NOT NULL
);


ALTER TABLE public.admin_app_dentalclinic OWNER TO postgres;

--
-- Name: admin_app_dentalclinic_id_seq; Type: SEQUENCE; Schema: public; Owner: postgres
--

ALTER TABLE public.admin_app_dentalclinic ALTER COLUMN id ADD GENERATED BY DEFAULT AS IDENTITY (
    SEQUENCE NAME public.admin_app_dentalclinic_id_seq
    START WITH 1
    INCREMENT BY 1
    NO MINVALUE
    NO MAXVALUE
    CACHE 1
);


--
-- Name: admin_app_review; Type: TABLE; Schema: public; Owner: postgres
--

CREATE TABLE public.admin_app_review (
    id bigint NOT NULL,
    author_name character varying(255) NOT NULL,
    author_photo_url character varying(200),
    rating double precision NOT NULL,
    text text NOT NULL,
    created_at timestamp with time zone NOT NULL,
    clinic_id bigint NOT NULL
);


ALTER TABLE public.admin_app_review OWNER TO postgres;

--
-- Name: admin_app_review_id_seq; Type: SEQUENCE; Schema: public; Owner: postgres
--

ALTER TABLE public.admin_app_review ALTER COLUMN id ADD GENERATED BY DEFAULT AS IDENTITY (
    SEQUENCE NAME public.admin_app_review_id_seq
    START WITH 1
    INCREMENT BY 1
    NO MINVALUE
    NO MAXVALUE
    CACHE 1
);


--
-- Name: auth_group; Type: TABLE; Schema: public; Owner: postgres
--

CREATE TABLE public.auth_group (
    id integer NOT NULL,
    name character varying(150) NOT NULL
);


ALTER TABLE public.auth_group OWNER TO postgres;

--
-- Name: auth_group_id_seq; Type: SEQUENCE; Schema: public; Owner: postgres
--

ALTER TABLE public.auth_group ALTER COLUMN id ADD GENERATED BY DEFAULT AS IDENTITY (
    SEQUENCE NAME public.auth_group_id_seq
    START WITH 1
    INCREMENT BY 1
    NO MINVALUE
    NO MAXVALUE
    CACHE 1
);


--
-- Name: auth_group_permissions; Type: TABLE; Schema: public; Owner: postgres
--

CREATE TABLE public.auth_group_permissions (
    id bigint NOT NULL,
    group_id integer NOT NULL,
    permission_id integer NOT NULL
);


ALTER TABLE public.auth_group_permissions OWNER TO postgres;

--
-- Name: auth_group_permissions_id_seq; Type: SEQUENCE; Schema: public; Owner: postgres
--

ALTER TABLE public.auth_group_permissions ALTER COLUMN id ADD GENERATED BY DEFAULT AS IDENTITY (
    SEQUENCE NAME public.auth_group_permissions_id_seq
    START WITH 1
    INCREMENT BY 1
    NO MINVALUE
    NO MAXVALUE
    CACHE 1
);


--
-- Name: auth_permission; Type: TABLE; Schema: public; Owner: postgres
--

CREATE TABLE public.auth_permission (
    id integer NOT NULL,
    name character varying(255) NOT NULL,
    content_type_id integer NOT NULL,
    codename character varying(100) NOT NULL
);


ALTER TABLE public.auth_permission OWNER TO postgres;

--
-- Name: auth_permission_id_seq; Type: SEQUENCE; Schema: public; Owner: postgres
--

ALTER TABLE public.auth_permission ALTER COLUMN id ADD GENERATED BY DEFAULT AS IDENTITY (
    SEQUENCE NAME public.auth_permission_id_seq
    START WITH 1
    INCREMENT BY 1
    NO MINVALUE
    NO MAXVALUE
    CACHE 1
);


--
-- Name: authentication_visiteduserdata; Type: TABLE; Schema: public; Owner: postgres
--

CREATE TABLE public.authentication_visiteduserdata (
    id bigint NOT NULL,
    email character varying(254) NOT NULL,
    emergency character varying(100) NOT NULL,
    factors jsonb NOT NULL,
    "lastVisit" character varying(100) NOT NULL,
    anxiety character varying(100) NOT NULL,
    "timePreference" jsonb NOT NULL,
    "hasInsurance" character varying(100) NOT NULL,
    "insuranceProvider" character varying(100) NOT NULL,
    "paymentOption" character varying(100) NOT NULL
);


ALTER TABLE public.authentication_visiteduserdata OWNER TO postgres;

--
-- Name: authentication_visiteduserdata_id_seq; Type: SEQUENCE; Schema: public; Owner: postgres
--

ALTER TABLE public.authentication_visiteduserdata ALTER COLUMN id ADD GENERATED BY DEFAULT AS IDENTITY (
    SEQUENCE NAME public.authentication_visiteduserdata_id_seq
    START WITH 1
    INCREMENT BY 1
    NO MINVALUE
    NO MAXVALUE
    CACHE 1
);


--
-- Name: django_admin_log; Type: TABLE; Schema: public; Owner: postgres
--

CREATE TABLE public.django_admin_log (
    id integer NOT NULL,
    action_time timestamp with time zone NOT NULL,
    object_id text,
    object_repr character varying(200) NOT NULL,
    action_flag smallint NOT NULL,
    change_message text NOT NULL,
    content_type_id integer,
    user_id bigint NOT NULL,
    CONSTRAINT django_admin_log_action_flag_check CHECK ((action_flag >= 0))
);


ALTER TABLE public.django_admin_log OWNER TO postgres;

--
-- Name: django_admin_log_id_seq; Type: SEQUENCE; Schema: public; Owner: postgres
--

ALTER TABLE public.django_admin_log ALTER COLUMN id ADD GENERATED BY DEFAULT AS IDENTITY (
    SEQUENCE NAME public.django_admin_log_id_seq
    START WITH 1
    INCREMENT BY 1
    NO MINVALUE
    NO MAXVALUE
    CACHE 1
);


--
-- Name: django_celery_beat_clockedschedule; Type: TABLE; Schema: public; Owner: postgres
--

CREATE TABLE public.django_celery_beat_clockedschedule (
    id integer NOT NULL,
    clocked_time timestamp with time zone NOT NULL
);


ALTER TABLE public.django_celery_beat_clockedschedule OWNER TO postgres;

--
-- Name: django_celery_beat_clockedschedule_id_seq; Type: SEQUENCE; Schema: public; Owner: postgres
--

ALTER TABLE public.django_celery_beat_clockedschedule ALTER COLUMN id ADD GENERATED BY DEFAULT AS IDENTITY (
    SEQUENCE NAME public.django_celery_beat_clockedschedule_id_seq
    START WITH 1
    INCREMENT BY 1
    NO MINVALUE
    NO MAXVALUE
    CACHE 1
);


--
-- Name: django_celery_beat_crontabschedule; Type: TABLE; Schema: public; Owner: postgres
--

CREATE TABLE public.django_celery_beat_crontabschedule (
    id integer NOT NULL,
    minute character varying(240) NOT NULL,
    hour character varying(96) NOT NULL,
    day_of_week character varying(64) NOT NULL,
    day_of_month character varying(124) NOT NULL,
    month_of_year character varying(64) NOT NULL,
    timezone character varying(63) NOT NULL
);


ALTER TABLE public.django_celery_beat_crontabschedule OWNER TO postgres;

--
-- Name: django_celery_beat_crontabschedule_id_seq; Type: SEQUENCE; Schema: public; Owner: postgres
--

ALTER TABLE public.django_celery_beat_crontabschedule ALTER COLUMN id ADD GENERATED BY DEFAULT AS IDENTITY (
    SEQUENCE NAME public.django_celery_beat_crontabschedule_id_seq
    START WITH 1
    INCREMENT BY 1
    NO MINVALUE
    NO MAXVALUE
    CACHE 1
);


--
-- Name: django_celery_beat_intervalschedule; Type: TABLE; Schema: public; Owner: postgres
--

CREATE TABLE public.django_celery_beat_intervalschedule (
    id integer NOT NULL,
    every integer NOT NULL,
    period character varying(24) NOT NULL
);


ALTER TABLE public.django_celery_beat_intervalschedule OWNER TO postgres;

--
-- Name: django_celery_beat_intervalschedule_id_seq; Type: SEQUENCE; Schema: public; Owner: postgres
--

ALTER TABLE public.django_celery_beat_intervalschedule ALTER COLUMN id ADD GENERATED BY DEFAULT AS IDENTITY (
    SEQUENCE NAME public.django_celery_beat_intervalschedule_id_seq
    START WITH 1
    INCREMENT BY 1
    NO MINVALUE
    NO MAXVALUE
    CACHE 1
);


--
-- Name: django_celery_beat_periodictask; Type: TABLE; Schema: public; Owner: postgres
--

CREATE TABLE public.django_celery_beat_periodictask (
    id integer NOT NULL,
    name character varying(200) NOT NULL,
    task character varying(200) NOT NULL,
    args text NOT NULL,
    kwargs text NOT NULL,
    queue character varying(200),
    exchange character varying(200),
    routing_key character varying(200),
    expires timestamp with time zone,
    enabled boolean NOT NULL,
    last_run_at timestamp with time zone,
    total_run_count integer NOT NULL,
    date_changed timestamp with time zone NOT NULL,
    description text NOT NULL,
    crontab_id integer,
    interval_id integer,
    solar_id integer,
    one_off boolean NOT NULL,
    start_time timestamp with time zone,
    priority integer,
    headers text NOT NULL,
    clocked_id integer,
    expire_seconds integer,
    CONSTRAINT django_celery_beat_periodictask_expire_seconds_check CHECK ((expire_seconds >= 0)),
    CONSTRAINT django_celery_beat_periodictask_priority_check CHECK ((priority >= 0)),
    CONSTRAINT django_celery_beat_periodictask_total_run_count_check CHECK ((total_run_count >= 0))
);


ALTER TABLE public.django_celery_beat_periodictask OWNER TO postgres;

--
-- Name: django_celery_beat_periodictask_id_seq; Type: SEQUENCE; Schema: public; Owner: postgres
--

ALTER TABLE public.django_celery_beat_periodictask ALTER COLUMN id ADD GENERATED BY DEFAULT AS IDENTITY (
    SEQUENCE NAME public.django_celery_beat_periodictask_id_seq
    START WITH 1
    INCREMENT BY 1
    NO MINVALUE
    NO MAXVALUE
    CACHE 1
);


--
-- Name: django_celery_beat_periodictasks; Type: TABLE; Schema: public; Owner: postgres
--

CREATE TABLE public.django_celery_beat_periodictasks (
    ident smallint NOT NULL,
    last_update timestamp with time zone NOT NULL
);


ALTER TABLE public.django_celery_beat_periodictasks OWNER TO postgres;

--
-- Name: django_celery_beat_solarschedule; Type: TABLE; Schema: public; Owner: postgres
--

CREATE TABLE public.django_celery_beat_solarschedule (
    id integer NOT NULL,
    event character varying(24) NOT NULL,
    latitude numeric(9,6) NOT NULL,
    longitude numeric(9,6) NOT NULL
);


ALTER TABLE public.django_celery_beat_solarschedule OWNER TO postgres;

--
-- Name: django_celery_beat_solarschedule_id_seq; Type: SEQUENCE; Schema: public; Owner: postgres
--

ALTER TABLE public.django_celery_beat_solarschedule ALTER COLUMN id ADD GENERATED BY DEFAULT AS IDENTITY (
    SEQUENCE NAME public.django_celery_beat_solarschedule_id_seq
    START WITH 1
    INCREMENT BY 1
    NO MINVALUE
    NO MAXVALUE
    CACHE 1
);


--
-- Name: django_content_type; Type: TABLE; Schema: public; Owner: postgres
--

CREATE TABLE public.django_content_type (
    id integer NOT NULL,
    app_label character varying(100) NOT NULL,
    model character varying(100) NOT NULL
);


ALTER TABLE public.django_content_type OWNER TO postgres;

--
-- Name: django_content_type_id_seq; Type: SEQUENCE; Schema: public; Owner: postgres
--

ALTER TABLE public.django_content_type ALTER COLUMN id ADD GENERATED BY DEFAULT AS IDENTITY (
    SEQUENCE NAME public.django_content_type_id_seq
    START WITH 1
    INCREMENT BY 1
    NO MINVALUE
    NO MAXVALUE
    CACHE 1
);


--
-- Name: django_migrations; Type: TABLE; Schema: public; Owner: postgres
--

CREATE TABLE public.django_migrations (
    id bigint NOT NULL,
    app character varying(255) NOT NULL,
    name character varying(255) NOT NULL,
    applied timestamp with time zone NOT NULL
);


ALTER TABLE public.django_migrations OWNER TO postgres;

--
-- Name: django_migrations_id_seq; Type: SEQUENCE; Schema: public; Owner: postgres
--

ALTER TABLE public.django_migrations ALTER COLUMN id ADD GENERATED BY DEFAULT AS IDENTITY (
    SEQUENCE NAME public.django_migrations_id_seq
    START WITH 1
    INCREMENT BY 1
    NO MINVALUE
    NO MAXVALUE
    CACHE 1
);


--
-- Name: django_session; Type: TABLE; Schema: public; Owner: postgres
--

CREATE TABLE public.django_session (
    session_key character varying(40) NOT NULL,
    session_data text NOT NULL,
    expire_date timestamp with time zone NOT NULL
);


ALTER TABLE public.django_session OWNER TO postgres;

--
-- Name: token_blacklist_blacklistedtoken; Type: TABLE; Schema: public; Owner: postgres
--

CREATE TABLE public.token_blacklist_blacklistedtoken (
    id bigint NOT NULL,
    blacklisted_at timestamp with time zone NOT NULL,
    token_id bigint NOT NULL
);


ALTER TABLE public.token_blacklist_blacklistedtoken OWNER TO postgres;

--
-- Name: token_blacklist_blacklistedtoken_id_seq; Type: SEQUENCE; Schema: public; Owner: postgres
--

ALTER TABLE public.token_blacklist_blacklistedtoken ALTER COLUMN id ADD GENERATED BY DEFAULT AS IDENTITY (
    SEQUENCE NAME public.token_blacklist_blacklistedtoken_id_seq
    START WITH 1
    INCREMENT BY 1
    NO MINVALUE
    NO MAXVALUE
    CACHE 1
);


--
-- Name: token_blacklist_outstandingtoken; Type: TABLE; Schema: public; Owner: postgres
--

CREATE TABLE public.token_blacklist_outstandingtoken (
    id bigint NOT NULL,
    token text NOT NULL,
    created_at timestamp with time zone,
    expires_at timestamp with time zone NOT NULL,
    user_id bigint,
    jti character varying(255) NOT NULL
);


ALTER TABLE public.token_blacklist_outstandingtoken OWNER TO postgres;

--
-- Name: token_blacklist_outstandingtoken_id_seq; Type: SEQUENCE; Schema: public; Owner: postgres
--

ALTER TABLE public.token_blacklist_outstandingtoken ALTER COLUMN id ADD GENERATED BY DEFAULT AS IDENTITY (
    SEQUENCE NAME public.token_blacklist_outstandingtoken_id_seq
    START WITH 1
    INCREMENT BY 1
    NO MINVALUE
    NO MAXVALUE
    CACHE 1
);


--
-- Name: user; Type: TABLE; Schema: public; Owner: postgres
--

CREATE TABLE public."user" (
    id bigint NOT NULL,
    password character varying(128) NOT NULL,
    last_login timestamp with time zone,
    is_superuser boolean NOT NULL,
    username character varying(150) NOT NULL,
    first_name character varying(150) NOT NULL,
    last_name character varying(150) NOT NULL,
    is_staff boolean NOT NULL,
    is_active boolean NOT NULL,
    date_joined timestamp with time zone NOT NULL,
    email character varying(254) NOT NULL
);


ALTER TABLE public."user" OWNER TO postgres;

--
-- Name: user_groups; Type: TABLE; Schema: public; Owner: postgres
--

CREATE TABLE public.user_groups (
    id bigint NOT NULL,
    user_id bigint NOT NULL,
    group_id integer NOT NULL
);


ALTER TABLE public.user_groups OWNER TO postgres;

--
-- Name: user_groups_id_seq; Type: SEQUENCE; Schema: public; Owner: postgres
--

ALTER TABLE public.user_groups ALTER COLUMN id ADD GENERATED BY DEFAULT AS IDENTITY (
    SEQUENCE NAME public.user_groups_id_seq
    START WITH 1
    INCREMENT BY 1
    NO MINVALUE
    NO MAXVALUE
    CACHE 1
);


--
-- Name: user_id_seq; Type: SEQUENCE; Schema: public; Owner: postgres
--

ALTER TABLE public."user" ALTER COLUMN id ADD GENERATED BY DEFAULT AS IDENTITY (
    SEQUENCE NAME public.user_id_seq
    START WITH 1
    INCREMENT BY 1
    NO MINVALUE
    NO MAXVALUE
    CACHE 1
);


--
-- Name: user_user_permissions; Type: TABLE; Schema: public; Owner: postgres
--

CREATE TABLE public.user_user_permissions (
    id bigint NOT NULL,
    user_id bigint NOT NULL,
    permission_id integer NOT NULL
);


ALTER TABLE public.user_user_permissions OWNER TO postgres;

--
-- Name: user_user_permissions_id_seq; Type: SEQUENCE; Schema: public; Owner: postgres
--

ALTER TABLE public.user_user_permissions ALTER COLUMN id ADD GENERATED BY DEFAULT AS IDENTITY (
    SEQUENCE NAME public.user_user_permissions_id_seq
    START WITH 1
    INCREMENT BY 1
    NO MINVALUE
    NO MAXVALUE
    CACHE 1
);


--
-- Data for Name: admin_app_businesshours; Type: TABLE DATA; Schema: public; Owner: postgres
--

COPY public.admin_app_businesshours (id, day, opening_time, closing_time, is_closed, clinic_id) FROM stdin;
162	0	10:00:00	19:00:00	f	24
163	1	10:00:00	19:00:00	f	24
164	2	10:00:00	19:00:00	f	24
165	3	10:00:00	19:00:00	f	24
166	4	10:00:00	19:00:00	f	24
167	5	10:00:00	15:00:00	f	24
168	6	08:00:00	13:00:00	f	24
239	0	10:00:00	18:00:00	f	35
240	1	10:00:00	19:30:00	f	35
241	2	\N	\N	t	35
242	3	\N	\N	t	35
243	4	10:00:00	18:00:00	f	35
244	5	15:00:00	18:00:00	f	35
245	6	15:00:00	19:00:00	f	35
253	0	10:00:00	19:00:00	f	37
254	1	10:00:00	19:00:00	f	37
255	2	10:00:00	19:00:00	f	37
256	3	10:00:00	19:00:00	f	37
257	4	10:00:00	19:00:00	f	37
258	5	10:00:00	19:00:00	f	37
259	6	\N	\N	t	37
183	0	10:00:00	19:00:00	f	27
184	1	10:00:00	19:00:00	f	27
185	2	10:00:00	19:00:00	f	27
186	3	10:00:00	19:00:00	f	27
187	4	10:00:00	19:00:00	f	27
188	5	10:00:00	16:00:00	f	27
189	6	10:00:00	16:00:00	f	27
197	0	12:00:00	18:00:00	f	29
198	1	11:00:00	18:30:00	f	29
199	2	10:00:00	19:00:00	f	29
200	3	11:00:00	19:00:00	f	29
201	4	10:00:00	19:00:00	f	29
202	5	10:00:00	15:00:00	f	29
203	6	10:00:00	15:00:00	f	29
204	0	10:00:00	19:00:00	f	30
205	1	10:00:00	19:00:00	f	30
206	2	10:00:00	19:00:00	f	30
207	3	10:00:00	19:00:00	f	30
208	4	10:00:00	19:00:00	f	30
209	5	10:00:00	15:00:00	f	30
210	6	10:00:00	15:00:00	f	30
267	0	10:00:00	18:00:00	f	39
268	1	10:00:00	18:00:00	f	39
269	2	10:00:00	18:00:00	f	39
270	3	12:00:00	19:00:00	f	39
271	4	10:00:00	18:00:00	f	39
272	5	09:00:00	16:00:00	f	39
273	6	\N	\N	t	39
211	0	10:00:00	19:00:00	f	31
212	1	10:00:00	19:00:00	f	31
213	2	10:00:00	19:00:00	f	31
214	3	10:00:00	19:00:00	f	31
215	4	10:00:00	19:00:00	f	31
216	5	10:00:00	15:00:00	f	31
217	6	10:00:00	15:00:00	f	31
218	0	10:00:00	19:00:00	f	32
219	1	10:00:00	19:30:00	f	32
148	0	10:30:00	18:00:00	f	22
149	1	10:30:00	18:00:00	f	22
150	2	10:30:00	18:00:00	f	22
151	3	10:30:00	18:00:00	f	22
152	4	10:30:00	18:00:00	f	22
153	5	10:30:00	17:00:00	f	22
154	6	\N	\N	t	22
220	2	10:00:00	19:30:00	f	32
221	3	10:00:00	19:00:00	f	32
222	4	10:00:00	19:30:00	f	32
223	5	10:00:00	18:00:00	f	32
224	6	10:00:00	18:00:00	f	32
225	0	10:00:00	19:00:00	f	33
226	1	10:00:00	19:00:00	f	33
227	2	\N	\N	t	33
228	3	10:00:00	19:00:00	f	33
229	4	10:00:00	19:00:00	f	33
230	5	10:00:00	19:00:00	f	33
231	6	10:00:00	19:00:00	f	33
232	0	10:00:00	20:00:00	f	34
233	1	10:00:00	20:00:00	f	34
234	2	10:00:00	20:00:00	f	34
235	3	10:00:00	20:00:00	f	34
236	4	10:00:00	20:00:00	f	34
237	5	10:00:00	20:00:00	f	34
238	6	10:00:00	20:00:00	f	34
246	0	10:00:00	19:00:00	f	36
247	1	10:00:00	19:00:00	f	36
248	2	10:00:00	19:00:00	f	36
249	3	10:00:00	19:00:00	f	36
250	4	10:00:00	19:00:00	f	36
251	5	10:00:00	16:00:00	f	36
252	6	10:00:00	16:00:00	f	36
260	0	09:00:00	18:30:00	f	38
261	1	\N	\N	t	38
262	2	09:00:00	18:30:00	f	38
263	3	09:00:00	17:30:00	f	38
264	4	09:00:00	17:30:00	f	38
265	5	09:00:00	16:00:00	f	38
266	6	09:00:00	16:00:00	f	38
281	0	\N	\N	t	41
282	1	\N	\N	t	41
283	2	\N	\N	t	41
284	3	\N	\N	t	41
285	4	\N	\N	t	41
286	5	\N	\N	t	41
287	6	\N	\N	t	41
\.


--
-- Data for Name: admin_app_clinicimage; Type: TABLE DATA; Schema: public; Owner: postgres
--

COPY public.admin_app_clinicimage (id, image_file, image_url, caption, is_primary, created_at, clinic_id) FROM stdin;
153		https://maps.googleapis.com/maps/api/place/photo?maxwidth=1000&photo_reference=AXQCQNRCPvfTqRWnwEA491ZS6-Hm-QokMdWzkLU9QIsoG8Flp_bIbRHTmJBpgZSY6PVLQM8mnbexfGfzA3TSclyPG9iV1uvI3aw7tWteuku6fh6VV_d2mcP-U6TQNpUx_xh6bM66V9yOpz9I4ESFfHzU9pbpK46lIwgOqjzInefAe1ahybHFsvhjhbG5q1HMdd0VPBbQUiOhx3GCc2z5jr29mE_H-wm1prjCM8FgL1Ijj1WFJd115hT9O4NzEA2H5V-28F5IwXMFCItegbWuZaxpJJeuVgaD5zQx0EeOPOx4fUX0KwfbeMBMWaorHw5opqfFCG3jcc8R6aU		t	2025-06-07 03:46:15.211163+00	31
154		https://maps.googleapis.com/maps/api/place/photo?maxwidth=1000&photo_reference=AXQCQNQ9HvRTIkziKJn7Q2wQ0O0wGfQ7ffVuxD_KOJO4hahJmuo3fOhs8d_TiALLP_SOzJ2wMgMvf3WZotQRLEk_z9xZDh0HAr4bdoi3vGjXVd1BSCoVL6VUbFRY1o8nKpSlKbcJz-gdExduu3dc6vENBJg8RT_bPMxMo29ry_8SbmMASbZw3ulVETR9SxuTrkdCPmlrVsv11-hrD_aUgEZT6JVzwMwKTkOEglk3e92rpJ_rShxNFLhiP1ld40mgj89AIHnXr9ofai5j6_PDl61C90iPcj8j5Pq5ym5Tt77VNqTtKZHSEO6B3MtvQhctKA4sAKEDVZp369w		f	2025-06-07 03:46:15.213111+00	31
155		https://maps.googleapis.com/maps/api/place/photo?maxwidth=1000&photo_reference=AXQCQNSpgICVk7TVPMcRScGj-ePirHJ79t-Lp9oL0hUkJXj8MW1HQedCUiMV-QP38nDrJ2EhyzMr505Bl2fwFnB7hPyEK10FD5m1ixSRmcbNC0cGbY3rBUaJclxb2LWci9j5PVD-7dZVu7yNLEtRA1UzlL5f5qDHogsrj40m1He1pOcqe9SR9IsiInNl_cBoKiSWe8Q1g4BEmlMa4VqRMk3dyvbzLOWxg2unZafMCpwm67099BzuiKLYBfRztaQHBAWLLkjssBmstKg5eAVLtFkxRiReZtoijAPggA1Sr6PtU7EGxttFzVhmcWSCUcIFcURXLlkvjfpzs6U		f	2025-06-07 03:46:15.214722+00	31
156		https://maps.googleapis.com/maps/api/place/photo?maxwidth=1000&photo_reference=AXQCQNSd-yuvxjA0BEpVXP03Do-xCrBjTLzrpJ0G6VYZkCuDfYnOltbV57azIYCHsDLQd0xhEEbVElRSru3Snggj1JYALsOyOapcpT34aj0A1yoazI4xHwXiLD9wZdtWy_CNM_uzlcNeqPc9P704IEijTSKEqNyDGwY00oak7VOhT_1P_MlharwvSfV-EoZ_-yIcATeqGyomc1jEswEYmasVHCrytdxTN-HZ6yc5kBk_2g40-I5saaWhfChty3rh9qbbYAkYa90kzHtXjL2aDFosWGxEtFGmxWRlrBCb2I5oJ7XJkZVXZ70VzgJTUAodpxapD2NS1HO2k4c		f	2025-06-07 03:46:15.216864+00	31
157		https://maps.googleapis.com/maps/api/place/photo?maxwidth=1000&photo_reference=AXQCQNQ1evSXYVxt7HfCx9OkpW7UtvBzARii6csDaSgGKHbH-yBfpbPVF7P1MOvCTCwMG2688Fqv7PNfGllTL2iviC0mMokqy8CAKRRa4X4dyzU7mGlzW19qJnQNE8m816k38_fK47IA5dTv1VqdPnKGN3Z8fOlw0M5u-oRUKPVsMzJ0Ebc-yW4qxhDf67dWscdj06RmH-Md9FWtA_rGDXrmwz1oZN16SkZ2gbLS3YFjf0s-4s34rf8eK4UrotomVtCMIYsDH4EEian6DFOljmq6LF6ZajUicKosTKEHtuvIQLJSfITXxYJgO8OqJ1chfRcKhVt7sira5_g		f	2025-06-07 03:46:15.218473+00	31
158		https://maps.googleapis.com/maps/api/place/photo?maxwidth=1000&photo_reference=AXQCQNTnJhARx3nmyyJ5S7818GyBbaAR5nEQXXIVa5DBrwFWOCIW17v3wYnvBS6DWnOP5u079l0Q6eYgtVjKJ-XsfkK_7GMRZC4_VlkP_FUGnnoqckKzPXaRa1bLjhXLY-f5RgbBlvxYhbzy7GmrSSfi0S1AF3UODCLrbUaDuNTkSj8WRD6i_AKrahzalWP3DaEDd5GyILLeuWXmyfeTG77bJzJL0FvdY-KlaN8Nlsb9Sxh7IglS4NoqIS_CfztrcRtL4Q91lx-dGjWmF_hyBVBE8NAHJAZSMw_Niw1Qs26PxEVf8-1dcXnAYooJlxi2BB28hwQFgHIOUWs		f	2025-06-07 03:46:15.220111+00	31
170		https://maps.googleapis.com/maps/api/place/photo?maxwidth=1000&photo_reference=AXQCQNQbUOvg5yh1r5dwPLuWq6tStInKscBKXasmqAB0rnQcDJBxm8C7YvaxJRC984oU2PdM-cWd2YdcbO-DAJhDFmUyiGQd0fb8nb46OuXKrAF2uYCE0UwnxTpSn-cP_Z_fLHeyOO-4QHH_M9ue3VSZqMjzCSHBVxVKPMfeWAw9ZvW_r55drpVEWp5kzG8Fyu6nHQzGn2MnZA0IaUWC4K4wO0llA0cNmr0ZMpyX-iN40NNn7IO8ZaXMzCMtybw3VXrF3tBDQyd2e87rw39Q-uWzCXmQRXQfpgP0_V1Pnz_5aXnXqjiI6qcODfjzL1yBgP1s4zPP__xDomGHZ3_VNauzKa4zDDimLL6XGrfB5XoQXuyi59Yobpv_hQn3-OcGBBCALiQbG--73skAkinsoEuV3D77WCZxNGPT_niFryXlUOh3ye4nxgyBgfKHZO89fd8_feVl7e50AZP0UO5V8LkbnTM-YnEu9ofPrASDWwgXgOQVknpNcN_y9jXfK3DkBTkxIlu2R2BPNnJu_WqBEsScDRglr76sLXZAFNKn3t9JF9JGXj_j6ms6u92TgDKnway3fiGpiGHsj3nr8TWsl-Yh7VynH6_SBI-e1XA5WwwQKBcssGPrJxjbZZ1w7xUVXVMjF3F7dw		f	2025-06-07 04:21:33.135678+00	35
171		https://maps.googleapis.com/maps/api/place/photo?maxwidth=1000&photo_reference=AXQCQNTxjOV4UuT_ISJqcQ2jvnyfZY_A4oQgwytBYPuREpM5nEA69nknibKzM0YRl1oXSSmg7wJkUqcgziWf2yTrupZ7fz4s_NlT1s8fUSRwvgTTCn-wocLV8b1d3ryo_SAwPgfv7u-oXtBXKsRGXR3Uxt2cK6DI7RXViudCkPu09mwKAJ0afIvUhz0D_Ydrm_Ju7zoQfbDwmpwEXtzrGjvzbJZMsRU8tCDiwlVEgk3EcLK-A5La4-5GEY7De4SBD20JGPH8vvt8agnmM4vkhJatNH9CUgN5Q8KQ0Y5RTcVN7BgrrYUAey34LPcMNOQ-Ovn_jEc8GoBhoCI		f	2025-06-07 04:21:33.137537+00	35
181		https://maps.googleapis.com/maps/api/place/photo?maxwidth=1000&photo_reference=AXQCQNR4cd2vNnMC7FB-QNTc3p3APRHuPu8jAvh97pJ_C4pW2GpCJUg381OYwnDltRJ8Hw-87VoE1jOVS0dBxyPm4pA2IeWXx4snIQ5Oj5HK2lMo9_bJ7UMlhrePQFf-zs9n6AvldYJBTxVbCtdRizhnV3SUDLIj8nomFzgR3AGqoOglJ1UMtii7JHl_7nQI7XSavvb22QoNVjHdxaDXoPy-4QHzapjJE5IcJUGBvZOJ9Mcj77x4yeWhaw_MN9SGviJQiuJnA_bNOBwUXhy8ts1cGdI9NMcRXHcmd2NQo61ArJLCR8_5aldZTXjZA03-rD6X-VfK_4thQ5w		f	2025-06-07 04:31:17.426211+00	37
182		https://maps.googleapis.com/maps/api/place/photo?maxwidth=1000&photo_reference=AXQCQNRVzsV4_BGzPgr9vBxdcWucJC4PwjEJ3FGIhFNTxyZZcoAHhvpHSvj2AstOPontwtF3f7C_7G2WEWvwD6M_zn90ivPP4nPgvpjCnbL_vt2Dj3JjWmKKOI-XMQCWBo0_gF8qZE2zch0a2WVkLU8LJrNiMuejKoAVwmkyBUICWwOIQ75dtNt9chIon0I4gI2c8KEFxy3kZFZHtkz4iUDahmb9-HuoCjc2p4Kycmx64XCiYvAiHZuNXblbkK1dohaO_yqTej0cNvAktdLKSK0yQjru2_M5Z7wUFmZyFxA2sdU1cgjjWKIeJB98rkVYfIeGyNsEf1tk1_k		f	2025-06-07 04:31:17.428115+00	37
183		https://maps.googleapis.com/maps/api/place/photo?maxwidth=1000&photo_reference=AXQCQNSuwOKM7ibMTyZiyuUTWR5zLFZkLooGSGLBEs7ubeP2uaf1vckRsdGgF_-QV8iOk0A0XrY3kJr-Ozm5ftpJeHcDikaarUrqB6FOAJft7XRi7x7jDt2t7af1uB0DHXm5JsmHMxcBVRQXTY1amys4RtyAY6k7yknJt2MWTRMUy6JOjWdzeOjYxllXyQ6Hi8TxKcpPADikFFAVXkahP-ifSYDxWx9tcwaEYWuJSu2PhINjUA06edelb0TmBeiXi7OIx0D2bVeqRzsfW5LByq6AIGf3otf1UFqjWb1BkQ6TX5k3y8XBlZ8LZv1Uj6c2EcSuHZ4QDMnDWew		f	2025-06-07 04:31:17.429642+00	37
189		https://maps.googleapis.com/maps/api/place/photo?maxwidth=1000&photo_reference=AXQCQNR5F_Iaw3sTZIRav67Ksqy-FVNCxdN2-YZaIrNU3u-E8TH1cLnsfFN5VzS19SuJB0RjHhbnsABg2lSfl4sRNQjpagPuC3C_dmjVGY2x_X1m0gkeGcrnTgkjbngbghfzXVB5oZUfNTyJ55GSVewAv-8gapsHdC3U47ABW7y8eohTYfN6Hj7b3gh6wxFcjMCvJKFQB_o-at4W2cGPly4psz7CW0DeWFlibJtQJjEeLsyiZC047eEU_pElCghDWhzyLQO0HiqQO8zBF0U2BfQ2co_XPXz662qoDInTlP01DnPMMVS0xzJOyUHQPKTjERBvjDX4hfRLGk8		f	2025-06-07 04:35:14.887574+00	38
190		https://maps.googleapis.com/maps/api/place/photo?maxwidth=1000&photo_reference=AXQCQNSHriLnLsgAahu9bhuVDPAvZYCHjaHN95Nt8BwzL4gBVmomMwAL0MrNGXa7ULhjSRVNUfGRQ75JmiRVUs6EI3rZIWCfJCRG9lbER4GBv2K22cfbRqKkVX2bo6bmrzsbitSRgzdn4atXn24HfUd09requk3D6JgOsz-jj8kIQjIr6nCbZTXx6-aIwapqhz3klO192Y1GSrTfIGy-CpapYSzfefFjiAVvvp75XZmh-KA8qzos3FNx7oL1AUcbzr5WvYlxeW3kpXH9V_jnyOWePdyk5OPYK4R7Ifsdh_4W37SmfjPvCUjr7qLcnSpAY5_RU3QMtMBXvBY		t	2025-06-07 04:41:55.672322+00	39
191		https://maps.googleapis.com/maps/api/place/photo?maxwidth=1000&photo_reference=AXQCQNREoieo8YqTpjdFv3CpoVWN5WLA26RNpkt_jA4DOWt_XFq-AUe-eSJt6i6LZcvD_vxpkfGD1PD4ch9AzISG3Nkp_2VenNXhgppZh6z_GulC_nu9ghwMdoxNL85CgwdNUcxYILuMq-ZVwjCVMKfvTMMlLhRzAWg6ALMBpFImTIF6mtFwIHu87hB2QZRaeJtGtf9xBXi42vnJ3d-9gvLKrl6Q3mILGzjKfJ0y_JDEAbjTlUDK7hvIO1c9W7GKQgZH4JiwfnVWNJ6vbx70_4b9pA0P7O_w4Z59TKFeOKBOXqE5bTZ91iW1EN19_NuRDdaLL32nEfDTiKQ		f	2025-06-07 04:41:55.674833+00	39
192		https://maps.googleapis.com/maps/api/place/photo?maxwidth=1000&photo_reference=AXQCQNTPOuuK6f3muksLS6Iv5gzXJzWvOK7EB2FoiF-32pMFOxxun2n2Z5ooY0xwBIcFo99IWvsOnxdHR53zapjvtOBlFXs54XYY2OF_9a1JLygbHCORW3W-tkpsuJJ4FVTrxSsGKb6VerNkEyu-aJb2APBnU3CFmGD0mNTl-ZrFTndnkoO8IGwgJQ_ZUmKJJWMJWEtxTLjfC4z_iD0yttfWD0a3a5RzEXAwToA5poYyDw-SkvQ5gkasi34Se1O-IQjvFcKznNjLBCS84-CuAdtl5daxlPJxx5yHydb6IJew0R222_oVMYrFm1oenNDDSUbf9yj4tPVhn_0		f	2025-06-07 04:41:55.676516+00	39
193		https://maps.googleapis.com/maps/api/place/photo?maxwidth=1000&photo_reference=AXQCQNQ6fkGe6i-2N-h3gl3nCtvzeEeTDQ50u4O7-yVyH2bmVW7qgM-nbkRGa-clJPzKzCcLDrIjcRqrURngAb9twF7W2HHRYtoWkcEteqIoZ6z1eOrWKiqPyEs0mTvnDy6VXeiMSapwcLZCaaE416K6lOnwWXm5PCj7YVj6AXYhx944BoSwjhwy6auVbseBIK3tg5pLhSznl6BVa5cLRCBRoXyg7Icwk859U0MPIkhfumgDKcMxgtMiCQdy7pconaqHZoa26lTu2URUdJLDuC1XrkAW2uQz16xgEa8Ygcy-NB8Gbg1Dbdm9aOT0BC3EeCwrMosHIxzUwjI		f	2025-06-07 04:41:55.678036+00	39
129		https://maps.googleapis.com/maps/api/place/photo?maxwidth=1000&photo_reference=AXQCQNRMndib0Fv_t8abFbhRkqGxNZvbYnzfTkpDt_e-Rn1SJVKsP8dvPIzAar-jNlfoshUNVTDV4csLwk9XiIQMNZP2nS9pOr25EFKj0Wwoc_hFLlcfaydk9DTIdHz2Pmzu97e4neRP9GGLWxDwuer2cQBWV3gak13dYM9HMTkI9tAzb_e7zWfiAwInEonj7wcbr7mtIVX341niLEb46fvM98QlpKATr5PwU4ucZ2PWo4YkX7Fd9joK0PVg9w-BrWScTqciUBJdLaCfFzcUwY4o3MpXGr7ZJaYvt7sQjZga3GNnIKFzhlupxBuVDgzD3ezfl9VRitgtmUo		t	2025-06-07 03:23:41.301772+00	27
130		https://maps.googleapis.com/maps/api/place/photo?maxwidth=1000&photo_reference=AXQCQNTB11sFl3fy1hdZkncG5UGDOgqvHWFYbNAqVUS6cep2YRYiQYEkRT88E_s0e2wtTz8IFDTEm4AIWQ7-bRdooAjIc1dLch4mXRJmSgMXX9A5C9Y2b83cjqDqKgi-LwmLtco6lsllPrIsn3cduGXIEgYOeLaLcFfg93bElhGlIsxEtRcr3_prEve1cFLof0pNb6Uv_XWmen-fCib-Pa5YaiB2hbQhde9AgYeJg-8SSdlqmmRGoxg-gRR4Uzb5KrjaNmFBvI7tqbEO0l8H2JWUtgUg37Z6pwb3S5_mvZywERJUYL9CiPmcu-f_45FnyVyO32WATDGKZbI		f	2025-06-07 03:23:41.303401+00	27
131		https://maps.googleapis.com/maps/api/place/photo?maxwidth=1000&photo_reference=AXQCQNQs1z8NfAWTgNla3-KTTirG96RS-gj2XHZsy3OKoIONJLoC35ResasZf6aUIY7nmq5HJ-yni0iqCesLrZ2DonPcQTKk8Tumnbyl1g2zCI5swTQJo0iVx02_X2kvR9_XhztG381E1sAhwfFqgR4pS7BwBJ1TIRSXpNdI2HqQaGRQyht0a6itUbNye4Xx4DZYMGXr254E70UGZx7FCAHErCa-eSDQ8ecDEko2bTAVfJgQuQ4mYPNrRyqls2vVTTxxg1_GO_Y_D2Ujg3Lg8IGxqqOj29GAAvXonNNgRKiQUi25U9pSEiv-NeUtGuhLXRvQ_u3x3zssXss		f	2025-06-07 03:23:41.304901+00	27
132		https://maps.googleapis.com/maps/api/place/photo?maxwidth=1000&photo_reference=AXQCQNRljlivluv6CUW7B5h9bt5BIhl87lr53OiDRYm973zApYnwUgJ8m5yq3Ev_9hOSFr3yuqs3GbAlx1t9aoHTpZwW3_8lGLItLoxuEE0EMrL8YZoBLZv3cl4HRzoLHnh59iJsH5jE5WdsD8Q0iaoc87Vu0UWLCtTaekj7-XY5UnbanZVbPdA1xihX5_gwUBdN35iwwcTUrOxlevzjBbRFpih4WYstPUDLef8mEKWdp4eKCuXO6T-Ygwhiphanmho9jZ7e7NlobZkvEya7NVleNtltpuaKfl4QCVqoc3be3MjN9uFkgejsi0lB2xlrLDaq1_qM2--aChKtFdsDOKWMgkglqYPYRLfUECfnryuDEZYK7CpfnKE8JRmPkyibwEinfLGTn9bnJ-alDmPnoLCh8y7n8gatKHjv5SCSblNBdq2B5d4celf15xfY0Ddwgpqck0crfgQMie_Ie8xvDAjdSZv4IrC82_0IaYsOp7um5zSXaif0C3q4lGkl29WOinS30wVcQRbLjEeAcG1DZm_lQ_aKaVhrP3FeFAauNo41djLifO3PO6IRyrO1R9vFSRa__SCD1utkmuFNaKMAVLGq_7mItDEsyYMHdWOumgLoSCWywhePscLWDabZ64pTmhpm_tvMbfqr		f	2025-06-07 03:23:41.306447+00	27
133		https://maps.googleapis.com/maps/api/place/photo?maxwidth=1000&photo_reference=AXQCQNQwkvocHhAzHMDR7GRr6y3ML3_7Eoli8a7Cy-LX2aXfYZIvJrD72HTvANdrKqv2WYlg3KjR4cxVMxCRQCi_X_QqKIcqJg_0C9XhOQ-tJ5jpjq7Bqzk5ZNlTemIyB7CXX2I8maH84LO2cLW3PsRAuOBPDargWzpHqYDME2oJo6p9ivbhD2gzLtesTRXTHbA-0BkY7ld9lBIrOF0mivqGsLz5LJvQWsSpEJ-pm7-jQfp9hZTvTQBagd0NEd68cMFHG-FAzp0M539A0dwSKUWQTz6x8UwsDBDQNNsgT26zQG_xk2L8UtUKSI5hYdJ9EWXUfNdCDopeVSI		f	2025-06-07 03:23:41.308701+00	27
134		https://maps.googleapis.com/maps/api/place/photo?maxwidth=1000&photo_reference=AXQCQNRfdCEn1O8EilTRIHt4iq5SOigIVyFdsOByfFApCC_EGNN2N6BGAba5L5TAKicx0psunjMpCfyhwRfjyNMXiDo74_b2IK7AJyAGPI4wpozK3DXHT2WRJa2DDOE_CvKB8QruouZ7Un7Ojpi3Dy7r6HZEsfQjA5UR2QwthFD0AKInQvDg-yYWx7gerYlC7OATHJ0kw6zG5b6Tr4Y-53HonPxdd3fQJBEKYgvAsfwYbw-fJTrGItwbUXoyxIhscV0IXJ-yLD71qPxFH57Nh-my48v6xAY9BsgMorn9Dib8jAsrJUJ0HsY3_Cyy7Xb-sC2kJ_cvA8O26joGYohTrooJeCUlkK71FmnJ7zGE2DQ2WKwXdNjabT1GdNSGclLhqDSvg92PSvPfi3Q0mQ3Nz8SmmsNmYsO5CJtb-LZgvrsZXsRgitBmlanJM5QRovjWTCEqCmn91jVpZUXMtz6WmSf5UwiFFjDgV6znBBXqKC0Ob-ZoUDn_ocvkJrebUoT6dObYhF8RQpAK2z6w6aWE0K-cNXI2ppFfZDLSKmRQuKWa72NWhxlPjKE_3D936ADrda2AeBIlQi0kskciw78qDCQygEKdWIQ4XEEzHz-R72UVzPOcuco53mCkEwcBmlWv8TKdqQtJTrUU		f	2025-06-07 03:23:41.310603+00	27
159		https://maps.googleapis.com/maps/api/place/photo?maxwidth=1000&photo_reference=AXQCQNT6ULNl3hGOvQlmLPwh8IrC1kqifk9sj7yHuhV-BGU7EpHS00zZo0FPwCr8BCn2GXRoCXCDymy5WgwaoiPMDhKh4mhuW2j5tAjEvKfi71tIjQ-JV3_9R4qDxwD4JaO4AOIEJIilKM2gwmRCr2Esf0A6B5exskbxtQ88LRyagH0EuKBVXRM_zLzezhiueLIehe8cqNTovoy-6IS6kI-TNHev_QcLq05H1GRynepQp5RFnJVAxF9VhkeXJ-gMhnWpiwhTM8bq4Oj_lUb09gKVxlQgUEwryZKX8SUTyxgZaOKXqVbZ-Zy0P9635erZvVP0mOYgRKFbaDi27ABZ-Ho8ozOszBt5Lt2UoXXxajrDDkC3pECCu24f3wOlJnWb0Qj8DB0mKIYiMTCsKcXkAeOH53vPPUzt9icTk72UiiWbIqr-bgEgm8ssbVHn4yM8kDPmkr2QNK5olsS7MHIj89Cro7sPtwl1B5uOaEIwo9K_CbSMfSP6rZTpw-EH612TvowOm-TsePKJc6X9iEIAucwiBINJqTmWi6JvnFpeA9ge6a1CCFYSm4F920Q5I_Gn9ncvurF1K-MHRbL36ROlVZ74ugE71ptTvlidVJ-V9q2iRs4slb-r9s3IaPlUdWx3jcE2u0C2cw		t	2025-06-07 03:53:10.187456+00	32
160		https://maps.googleapis.com/maps/api/place/photo?maxwidth=1000&photo_reference=AXQCQNRT4jNrQzi4d4yauP8WuQ-rbZzg--F5Sz1jX-uiK-T-OEhCnLOF6O5CSYSja3c_46ngiwCXz_UTU2DXPIFgpb-kBUpS2i21D_zd5hCKWD6rBdLONx7xcW4NUZ0Q6DYSFm7PsyHUUwBZ8x3kSVGTgrRP0td0_dtT2UkD3mpmcypmfSU3SR47OateU721pjJAu-L9OOyHUeTUSK1z9CmVcnkLjE9SgWNHh51kNJFpgO8UGSvMLhHP5emJ9KyOpyCoBmNlHWc1q9CKEeXmyFb0M1MxaBr9xMQjaQyOaclx_kS0GyOOREpHjii2oqBpuOLxJLphp0CzsSPEoelxn0FiMRJue10OnimlcD8pP1svZMQn9RfJvwyCS7M9lcps926OnTqs-Sr4y5X4DXhaesXojuDpCsoqx0BrvlxgWS8P5Z6qlx20dggICF8Bo_apQmwf46PJccv5IRg8eY_kitRdc88g9mA86qhtZsYZMK7eNeldYpF4CjyvO8PFzexpWyJM-XxGPQ-iqiSWUzO7OEQhVxnabdC_xE4o1K4txUS7VUGxzAsLMK4muBO2tIksdQM1E3BHyxYlre7XsqUNINJJ-xuEEzabcPTuOGYUv7I68pCk7cVjMz2jXnBEcHDpyO_bgu4I9zrr		f	2025-06-07 03:53:10.190123+00	32
161		https://maps.googleapis.com/maps/api/place/photo?maxwidth=1000&photo_reference=AXQCQNRb-96rSOHkheE9m2jNdno7VuF_zcfqLq0VP_5sS6B6s7r4fwwW1cYwDFUemdDKk3QiFmwuByAmCBrv4g_5E--XhRMLdObJx6hGFS7D3E_3r6xqv1qTIF0mtE9ThZVWJ664QVtypvEENgJrFgQOUBUwvEnd5KRI7QCxtkGRo4FZW-Jfivn-Zg3iwFUwtPnZJaScSR3pZerHJRjzdhubcBc7VZJ_ZZq9ro6MZC82eZ3tn08WGXNEoFAVULWLm0KtpYyrGotp7racQZxYCQnbCDe4_joOXmZM5wfpNwCjKD-8K9S5hAwFb_mq1kVBnX2gFjZZKcZx		f	2025-06-07 03:53:10.19147+00	32
162		https://maps.googleapis.com/maps/api/place/photo?maxwidth=1000&photo_reference=AXQCQNQuUQcuzfdFPCRM5SO2fJwPn2hTjwUk1x7jVea5B7dloTfZydOkel_RordtQCC53k3PMAh7bSyF52ygCrhnNCCenGlagogRfKaUffD57xeGf9gU7bAssBET0fxekqjEIgCHbiyOiUMfT0Y97ji5ZZ4CFedYeY3NFwRLX8io4o0a9_pQA1rOyfqob5YwRFWLYq9xffNMDIL1M05GHxG890bnwzG2RDquglCKjBb96hrN77wqJmsJe60Mt9Vaed1tUIFb4CF8DXoxi1dcPAjBX8PPkB7gIcNR7iGnZ9ACuc9qWvD2XmgBrl54bZWVXPWaSeiLX484Ao7iYOE5gY0QqJI174GIVa6-J1TmURb8n46TBj-vN7OM_3cSuc4FApefGC_Nkw_Yk5M55maJRIF2H1k0l96Jv60t_D7SzAm9eCBSeUnPUXQrthpGmJCsyk4JynWJ-YJOh8sjriZCxR2V6cq4O4lIjRrP-AL1plu22YR5pr4LEk_5isgyC7VscrdKc1G0qF6khflp1M6igVBjG9xOf0Dx8valDzOsEsV-X7O7emPeA-FptPAheq5SUwZqUynGfPiCbet8hD5AXmA4qrREqKDobLAfAPd_8fpuRj8UZttmMNkm-jOVpobzujFnzFZYIMgosKzDhlOW62HoJTAeTUA		f	2025-06-07 03:53:10.19311+00	32
172		https://maps.googleapis.com/maps/api/place/photo?maxwidth=1000&photo_reference=AXQCQNQVX8XcI1WovK7e2kAybFjRJcMkh6e8iMUz5TVvZMJ88IWiQgF6Jo5O1M_eyjUEgpdtzQhPc7-3NbZIJSxbaFjqL9bOxD1ROtUjqPyXkX-ljGsWENOBTl3hbFGrGTvbigzGxg60l0bY1s8pDYQZ7BWFjtMBvELlUJaO111XT2k8LZMFImKVqQ8YzI4F9WCotXYuOKEbq1LbNst3ia6XhNZMd1IbtO7qfzH_G8V07lDb-lTCoYxCl6nHgakZ_yflF43HyBv_XA_Gz5EvYH0OuyNS_ViLZig9QwhDLeozrJwzH0nuqKMxT90FWp6aqVYren6T-kdex3c		t	2025-06-07 04:27:11.687024+00	36
173		https://maps.googleapis.com/maps/api/place/photo?maxwidth=1000&photo_reference=AXQCQNTz9kdMLbdhrPi2HxQ4coBsrVfN_1U5wn-m-yB9fxIGSyVUAaonXHCp6SWvLWfHRfXZey5Ihz5n-wpcVlRoJ0IDuly9hrZMF0m-1nPu5cy8ltDeD7pEauQlRFTHUSKlLrujAToGOyQKjNeVdxlSanULgE76dA0sr0aDfN_k9NQdDb01-begeXfIQiaNPyrZpIVDc1ERv7LCKXxNwfWWl0N60WW0k9BSbksZepEHnc54YRe9jUT-J7twRx_aKhxVSwpScbntuwZdaJkCt4CYVzg1PoSLtvgMlypOioofG-1vWvQjgs7I8g1GW28jwTBMVfj48aksNfg		f	2025-06-07 04:27:11.689528+00	36
174		https://maps.googleapis.com/maps/api/place/photo?maxwidth=1000&photo_reference=AXQCQNQDfmuYsCrny5OwHo_Vl3kGyvgzMEj8QYVQOh72AGJyJjegn0bhmXt-ePNYaoMbdJQ25KnvA-GdU3U4F1P-CfviNYAvre5LUf3EqvP6CsOIxaNylekW9kqebhgKGAi6aOx508z_bqPxqXZVw6WXy0h9UEbnoeLt3WlgpuDkzy1r50pu358W8zAAFo0B5mpOWmDKccuQesj5rtwwiLV2VAO6MYLr7pAhuITiT9OcWrh7eeRLyNbtq2Nh00rWZ26s5JqW7C_qV5NbU-d1vPQlHitJZ19qUCEwoN0Fm-rCb5Es40VUDNll2NEF0QWXpwZNKtg4bxD1oHY		f	2025-06-07 04:27:11.691583+00	36
163		https://maps.googleapis.com/maps/api/place/photo?maxwidth=1000&photo_reference=AXQCQNRLBylSkvv84VffaAdYmzqysC0jIZW2ki_Z_2vg3RrsGRKFtRiFpc1Y3pYQ-8WEa4PfKuLf9h_bByu9leaWwowESyhXb5vDd_09Za0k47B238-pqUF5ZzNz2moLfJspNYDTrm8UohpFsQChG7orKqay-2HbDr3uldGJeen4UuhBFtEMcUz9JNSO3hRJzPlhRHrH1Ac3SMxDoq0GqiU8CG5RGNPSeKhrlPmdRjthpwLc1B_-j2wj-wYyg4-yWuzh5vbokrm8VTyix7L_tvASkmlM2WsIyYvoCs9sHpZHEZMhYqkj-wReEPx9SdgQ93W-h9lnsq1zPEU2WE94GaLsIgqumqjryFyc_CCdj1KEqixNqqIIhrnuRiqrSdY65rEkl77ry6susAIqRa2SiRIBfZRNt9C94m6bd5Pc4habl1EMVX4CwOB9C4bIKFoCJ7b3tMFSyvwxjt33tBJe5_AGP4ueEOpaNDYQ-_K6QatA9qpV8KbfOL63heJIYh4QxeTKd0bO4P8oXOhD-x0EMJ6FAClTy1NMR7agCEPxuQgXVbExzVv_VIYkqOCyJ5R5-eayyosUGkFHeAQc3UszDpsiNNaSJpcb-fgtfy7Coo3oOPKc4_rIVPDjtrEfzRcVW4JmLMj1DA		t	2025-06-07 04:05:59.320549+00	33
175		https://maps.googleapis.com/maps/api/place/photo?maxwidth=1000&photo_reference=AXQCQNR7q72zaP1_6nM3ZRhX0pcFJBZe31zJDh2ZLL5DcdLubLIIvy8vmeU04WRddTaz4Vv4_E7p4yAStDrKOFy4eD3zwiV-rgHu8AGWDR7yWgnzhK3mJcWeoebFh2RS1ioef4YHRv9lEQEH5A3jHP3rN-bt26UHLc82KT5n_BLhhZjIu4WC1b2k5JLZjito1GhCeSolxVnwyffrZxuQ1v5UVbN5aZ6XvJKwA-rq4gljo9A9pT_7IdmwGZR4UPeP7NVpVm_JBtDfw5lZydReu_l3W5xSv-Vl14lpFCriZkY43kqkWvIyXwGQgCCNvjcXyhZxRZ5o-zHPAsYN8tZVsW5BVFAvdIbFCadbmJhToA1RfgUGR7OVf_E5ebQIOcFrUWXAfA2GY0-wia_nkLaOVq13EnChaKcx3GaDZUlPskoRGuPxMqVQgMvXa-INCgnjgZ0Vfnwy6b46OWC-RV7FUOIcQCcbAOIOjBggicdkpCTCwmp60IPIbJmsL2IEwZIcUJxe3wX_Oc56yBncP39gS0b0xRF6i0Ay4Sr_1QncqAG_aPRA4TwEumZM3AqroHv5TEfqe660jOBAkj4L9F83qvO-vPP0PUZjoUT2DcUiTxfwzhvkR5vBMna04xzWxUkWdV8LgIB-Jw		f	2025-06-07 04:27:11.693317+00	36
176		https://maps.googleapis.com/maps/api/place/photo?maxwidth=1000&photo_reference=AXQCQNQzZNgFMAgQsb0v8U56YIE2sx6SfW7YZnvJV_M2Ggv-jHB4E9dBiHwXYuhSh7rqe40FiWPvyXhtG1CtXKLL1Jx4A59PSPgj28QcnRePmbmZ-yuS1EUMNh6tFeKokpNgJYJwzROY6sqNQoir0wZZ9hZPnS0xmzrOyc1uxJdLIiwP1_LyIescvERf71AQ3plAi9buxEzRGAF5Yes5xIfvMxRxF34KtnWLV_aaxExgfPjcNBV9odPdpnsbkvHIZcsIs20Tqk6apAEC9q-NjBmVLxXA2DZhv8o5oCobJYs3RHyVTfO0b-jxTL0qHdvoo6QNKEyn0lzAsRw		f	2025-06-07 04:27:11.695129+00	36
177		https://maps.googleapis.com/maps/api/place/photo?maxwidth=1000&photo_reference=AXQCQNRYOhXauXzvTPLMAgvfCdGoLTsp7sST7ogEqXKQWZMqZu1ypIfjN50Nd28t38SjYuR-_k3TQ82ZAyREY6cG5hiaUSB002qqYM98EjFCmApJoy3tI3Lv0okimrmrQL6dNClCDmgOeEbtZ12tPiCG9TxCuedLLi6es9Hy0NMTm-6nGuhBGljD0Ad1camTVuSdg1PRFabZ8Ib7uP5XeScLz-8xtUgpXtGdj57yVFxAz6rNSYtb6muEm1W5QLBVn8NoVAFrQceAIE-j5tJToTvv7K07ngfmznf0opvUOm3DLcBvM7M-R4h38RmJXReRdh7nlqq-IBOMXdA		f	2025-06-07 04:27:11.696499+00	36
184		https://maps.googleapis.com/maps/api/place/photo?maxwidth=1000&photo_reference=AXQCQNSU9TQkh9HchWJ48yiUucfOlaUoZ-o2zDppsP8Q7x9fVRPhE2LP_ZX0aVFnMy_zEMM1qyaX3oNA7OP6tnPjKIOo8xDaZWaHY3ZCHbYr_dyfjy5u9KBAVuIdI8UE7F2CaPNV3DtVJ_RrhVkK_QLFUQcqXiYN9Ih_Iq0RZ2i3WmjM7G_4lnvKj2c_LbSsJiE-iqc20qQwWEcLlD5PUtnf5YPjQeLWNLlHSimcc0p3X-07LNUEW5gMcH895HiCQbbLu_us4Wm5HJcaEXgnUAGfUOM6NHLivz6rCIKiZijFUTZVZk204lHNNs1s5AImRh6D9EBQqN7BFhE		t	2025-06-07 04:35:14.87845+00	38
185		https://maps.googleapis.com/maps/api/place/photo?maxwidth=1000&photo_reference=AXQCQNQX3a-Fp_W5ZB7p7vGftIDDptwmU0mZg4hcZQey7NoeAx3qn2yge1dIlNKdK3jVC3nSEkHwpsuKLISN1rD6eLQ8iw3h9ftnzPyWTF-4ZfBFuupW18FHJFJcA_3iv8hFv_akGo7E5bgRjsErfsXKUVHtNFtd8WSkwKJdhL4Hkz9cAzFrw7_UFyg25KZBv370tYiEjcvVm2P2VCoJsdnsxA94AkapGJJ52943D_GcfeLI6P7FAxr9zeBGgXlGN0DS8lUTSeoZlCHsu0bT1OE3kr-jryXuiZo94jAO8OjoKJsJm_5p-LVOL0EAJbHKbxQlgATr-UfL3f4		f	2025-06-07 04:35:14.880551+00	38
186		https://maps.googleapis.com/maps/api/place/photo?maxwidth=1000&photo_reference=AXQCQNSzkSV61SqcOcH3vrMbaVTurd77kvS6Bya5t5-6Cl5GI-cVpH4Z30Xj9h24za7cmVvg_OqY_dD8Tf8EJehXXWECt9DFFd32_zaJrGO_3vj1N_FH82VEumoEIL2-zaIZTk-xxXf5X-iLQjUMOiDQZIaTXKG9_U_kfhKAk3H-ngmIV0tzyY5kcV1YUMktQzIOX1bR1mzqODS4wryYzgLGf46OLmW2vp-wPep8WptF29zmNouW9pNcECXFe-xS2qr7Qai5HO6zD91OcMx4x6vHuhajA9f80sDOdMZOWjrq7GX-upZ9UqVKfFndQfRXdskyYvwYXQDb1xw		f	2025-06-07 04:35:14.882417+00	38
187		https://maps.googleapis.com/maps/api/place/photo?maxwidth=1000&photo_reference=AXQCQNSuWe1gVVKVwVRkk97HSngrS8vdR8SuKIPZLvIilISJ1PYJknad4KiDBWI1Emicef-1mpgechQOJmbz1DCxK-ZwqDkd7JwoJPc9tz3ECKQeTuC_mHaLF7JDrjMa5zBjF75P2-_2bOkZ6YDpirtL9-ZWMi_lrM208FE68Y5yuk57RFD8_JHJPSJR4Pv-fy-RuoZ6Y55YIrF4v3CtP-GiweFYV_HFNs_8tSFKlHAP-kRs-iNYqGvk3bAU6kYw3a0ddZruS7YSkSPlh1hqfA72H33DK_MiTLfC9o_zp5yrgHcZU_Ir5nbL9-PsDUv-LhdieT2uOOmo7T9wyL9C4RVRILn0on4OGLRtghV3PMUEZFRUUKM5sR1zoV3E2wNN8QFz-ZzPClWa0qn1cDFOaTIcjrMYwXRrOeQJ_u4tlaYG0CaUCVWgmH-jsyE7ZT6TU2iAz0AWXG0_ACTEVS04Wl7JLNMJOtBWj5_wtHiTYIYU9Hh18ulAHxupGqYLPs-8X1DpqRryCk6V_9WIBkAr7t-DWjHCMTwC6r9ZaJYQSK-Ow3ZmBGHva3_w-29SkiPlxw0NSP9smVMrivXZz67eLt6Q41z0rZuUBonz12FFDGjBgrEfToNX0n_mJG4pZG6MyQWPXQkji40C		f	2025-06-07 04:35:14.88389+00	38
188		https://maps.googleapis.com/maps/api/place/photo?maxwidth=1000&photo_reference=AXQCQNQOSyyEJn5YaPkFn9qbg9Dc4F5_uxXhdB1Z_4JgC-ung6RuwEB_f300YvU2v8iUd_8vOTkbm1XCySisNZYHrJkTS4rjsl37w-WpchqgVOCVoDi6Au2ktLJI7HMP-dE4am13WeReygdXcL5DCr5KrAtZuXVDOoOfCwEmxOU9qwIK_DFvjwDLaErG-UP_C4rDRHb0ZIUvuD35EL-5yXk8xVF0cio6doSiGzV70Fsy0H1N20jhABIoNrCxkuvfYCs3cR75f9qT2V98Mbi5Ry8qW7NbnzBqbzSR7E_shgGVu0N2aHRgB1Mte1qyRIFNNmN0Cn935MzmVz0		f	2025-06-07 04:35:14.885947+00	38
141		https://maps.googleapis.com/maps/api/place/photo?maxwidth=1000&photo_reference=AXQCQNSOuSG2FgYxdQghy2r6UxX2rovznTWg7YVmpkonyMjneRbQVdji-yayXpe714PEG_IqS9CjbYIKiBt7rVg1yrW-URSbceDYakYyD8ktC_PaX7UT2NrIFcYCigzBbI6_n48hLST5mnLipPspZJ-yO8XGiC-Nw2v7P69N79ddCilbD7mBh5Ti8coC0dB1BLwchEhMql3_xfQzVVdTcIv5fGC_w_j7kUp-_AkVpy_70tSnhyoxWPlFpEEusyJ9pgtJk2kPUNrnU9P7LYltBIZHR3siTz1MQDxQyAhjvHqwiLH-XDh6WRuO2QlKuI1kyM3F5iYiqlbJZLU		t	2025-06-07 03:32:52.546913+00	29
142		https://maps.googleapis.com/maps/api/place/photo?maxwidth=1000&photo_reference=AXQCQNTk7LkY0Xpudtbp5Vn7GFRzwXEQi-MLT37nmJkKNG-4JJGe2iTmH9ZpcryLo83Igjl89AS8S2H3JsNJlCHJi0WtNikpU0xuk2Okid-TKrJZHXDBGQCvzEVjFfp_LhzMKiQJD5G_Hc8_YG1jboEWK3HNBtg55GgEGPs0XSaYahRkuFibBfp_177dgUW76OEMIdwXS0tKuS01MXiCZB16AhHsfmOOcrP5haK6VQ_MKT8s19uyS0Xq73IV0pg2ETi6-nekZj_cV2J5-ZQOj8dT1e_2skfBxV_czbjjfuHCXyqAg6Xsa35_0gEE03MkEQnK5Y4oym3AbgE		f	2025-06-07 03:32:52.549798+00	29
143		https://maps.googleapis.com/maps/api/place/photo?maxwidth=1000&photo_reference=AXQCQNRqxsXwye9PMXn_yGmQe4s9zRj1xO-Jglu4GB7sf6Hr__FfjCK1V4BqNU1XggsT2GDVU8h8RTx4RSXz0E6_OfrVet27-zqbN27lksJz4SgIygjiYfQMxCndl8DTrU9mJ-xVe66vbfsjY-e3gQ8gr_eK5VO5v7GJFRsBc8Xy7nMnYUVBXZ80QPLpoo0Ofp6Ic2qqfuVzTKZYZd0G4ab85w0A0CZvV5YRf0o6r-pIjY2q1LbPYNnZZf0-sC_supMxlmN1XsjCpUkPoXPzUcCgOT5Khr__nr0RedxMQHSNXW4OJtiX0zrHXwKmowk05mcXlcdMFKFLYgo		f	2025-06-07 03:32:52.551569+00	29
144		https://maps.googleapis.com/maps/api/place/photo?maxwidth=1000&photo_reference=AXQCQNSdAMLRjUTa7RiU91nJonVr5bQ_23RFNutkHl2jM8tMi2cze7dDmDWx5DGNAn-pRxyh4ngHk32Zjbwfb0CYT8kZPMoRu_aTrCeGD3HXgbnrsyYV77LHITjrM9cCCZ4hO3T_dzU4ops7kC8YHuGeMh2M9PXUB0hY9Hlzmbk6AugIyBtDh5laeWQyT3SiAzFPAKpLrBY7pqSJhoZoNl_3g93MwrLIT6q50Ik7fBkKuQGvD7jtVyR-yqjlqUSfiizTZysIdhMxGN1q3RuGu8ssggr9sersNwdJ7q4-Bm16AvMN1X2RlTunCoztA2QdzdooS3jYAmKTTtE		f	2025-06-07 03:32:52.553361+00	29
145		https://maps.googleapis.com/maps/api/place/photo?maxwidth=1000&photo_reference=AXQCQNQljRPM3w750rdBoDJc8e3SeGnJfcPsjT7TcuQ4gqsiw8iRLxnrXPceQSBe0NhgBv6U83YxIob7-NUFGwRLjmuR46qd2vGs5-sspCr4JGssHyUgT0vPPi4-O4CSuw7IgauDjOWz9WdJqJGgGxzNj_WxDpeFsCSNfwbpq2akTYuSdwsorxWuH9I-S1UZIHuhAtvHAKNWyKW5sBvxb6enc28cJyoymC1tlAybV4rLkiJ1APKl6eOh26_OgnRXhyMqszsFlFK8SJk-EVI9nJ3c_4jnGtLtf0syXQkXXVOAlWO4Hsim3tFvNL9lsKOKc9IUgGHVqm9GK-8		f	2025-06-07 03:32:52.554835+00	29
146		https://maps.googleapis.com/maps/api/place/photo?maxwidth=1000&photo_reference=AXQCQNQ-I2F-njlC9U5S5LKBjeasGJqmza-wAAjGcr5IPXCqm6X12qqh5NAIsX7FCfPruLPsopbhgxbDu5tu9c7Dsr6yq9-qat-GCFHK81iqwRckMNzcct-sEQQcQ8HmKR-jr9WxCdWASvvZFnBvVgpZ1np-piL0alvTYT0tlxWzv-ns7fXKkM8WFpGA8NEOC3TENYpqI6Kwk4Up1Cz-TUgM5vQqrbHs7B-w6HngXc0rsu4xUvQGGK2u6WogcMdY2EUusOv6J4DHDtasb4tbX6h9z6_9h0T9RQpjAsYmrOHAk4pgFj8NPECi-XL94EisU7xEu4CN0vn8X7g		f	2025-06-07 03:32:52.556836+00	29
164		https://maps.googleapis.com/maps/api/place/photo?maxwidth=1000&photo_reference=AXQCQNTdaprkiwqgE2kJ0o7ofseUcm7MoBikILXB6as8IOlWkJBvcmGZY4kaedjEnKTwqM5GJAZfGhSHmMekzh-p5OVXoxI2t-KU9fVsP2OZauujNF_O1k2xIV45TNs-_hz9TCsozFIMHQlomFYIOE4s0sz2K5ItkGInQ6ivTnxYZ8p_9uTtSd0YMwFCJMuso2VKt-h_fWKQnp-NMdqxoA7KQDTCQTEfNOB3DssUP-GEVx44CfUqBdM6yiHRAAgC-2XV7zZ8euwJUe0wCIHQ9xYouKGbqUqBc5TMPa7f70QkfDmLnXT2uUptTKuI9XrOMB0BqSthN7PnLh4		t	2025-06-07 04:13:22.815335+00	34
165		https://maps.googleapis.com/maps/api/place/photo?maxwidth=1000&photo_reference=AXQCQNSL0CjtP_lTSxIZ4FHa5OnHysL34BWAwGzecGPurG0SL6gr6b7SknUxYhpaDp0DNL5_omfpD8ZfPWJ2LAVhiVwWvXwcrG0P7uFvpa0J4TyLKF2yUY0JeVmf2S3BLp8WIg6kE_qC6iu09QfmNO4HqBdyvrSKhAee9zuTj23BDl0VG9V-9gVF2XzftkYm6MiyAPGwhgIGpW_pwNyK05nbs3KxiMW9wTzFciaLa30N5lojcoXo25FnzJRMHnnjx7qA6bQsRc7K6_gleeq-MPh1WhzlfbPrUEcUtxSyVkgUQRagOmxdvPjV1pWNVK9n1MameNH3WT60TKk		f	2025-06-07 04:13:22.817549+00	34
178		https://maps.googleapis.com/maps/api/place/photo?maxwidth=1000&photo_reference=AXQCQNROmWMUznhvL075wT6mjwomclXNxSzAyNMXNAwWVIVfuDsGDLCFzI_ydaQrYzHEs6donUx1adG_xzjO3-3-jYZt6gmaz-2WCIeEBZugip0r1tuWBY3YyE-lH4wYGWO_noAxa4h6PyHkcrnI5wbjsGT6LuWk1Wx-ym3w2ggVis57p64PWx_ovBtptuh9VD6VD6M6o1LzDp9_mbvhy7wIQmGiExwgqM7bShef6c8ccFXV_9-P8_kGTWZlv17P9IA0VrQfenpXyrWn_1GBkaXEvnP_RAi1-wInzJxaVwg6b-OxFGk9SpTU_7f_0y7YJvMy6Ry3c7AN198-wvIHyAMlXJA9wulXzXdnV4QTjIjElLRscQ5U9bHC5RJUUFU5B2UyFN6vqHscSt0lwCc6bvEToW-9mIAaVfLr9rHap_dQGKvKVW9hckTYLwOpEXNcO1izyTLLt1ZmJxVZu61QTf-IyS1JVwnymbwkrVQwx_D_qNKKKsrunhGMdh6H2CiDFvUJ-B9KckIM5fTZSNXeA7SjRleSRk6W1RcR5VMgTDU5vg_PljBg6Fg2WvV5N6qYlV2E7btQQeQwb-PRasjvCwV3I5b5JS4V0YMWBLQCGjU9d9-KMz5JaaFSL_7SSEZh76P4OlOyag		t	2025-06-07 04:31:17.420623+00	37
179		https://maps.googleapis.com/maps/api/place/photo?maxwidth=1000&photo_reference=AXQCQNSfVjjZDXUK_kTscR_M1PftU9BnIJiqNJwYrAIxEWBqosWzwfWraUT6B2NQNiQ3WaykdTtNhMNMN1-GI-e8ydeeIor8t7q6xm9dOQBLZjeO0OhiB-in9-JBfV5xmj57dJSlrnKIfBrlE65CrbbeHYeqJRSTTqRcIxkxBo-q67mKQcoHjez6PhYjNOY38qc2A2Z0V7r0_nRmtV7QAHWDttRwEtpB5UFqKJGWMddNyTGILDNKbi2bky6twI22AOaJYlAfo4t_x-Ptr7Rd-uQHwRMIzMtbha4_f2XN5HOeXuDR6j7E0fwx3bnoA-wQfaQ2cVJ59iCTLCY		f	2025-06-07 04:31:17.422309+00	37
180		https://maps.googleapis.com/maps/api/place/photo?maxwidth=1000&photo_reference=AXQCQNTMOw3fZ30u1P3sgUZYSz1ayQt17fTsUxbIK9ALEXcZMhDBjx_epqiNVsV93oMk_Qw6uryFMNw_8s0VnUi5CAuJzLyuNR6pqtDb8C338PFGyWgBstrKAUEbI9owPbd_HParNc7nzrtnPZbt8lJCWM9c4ffLBlWonH9pL2ClZhfazvEntfRnTe_BYIjhg0OEQfzAD1YTHl-eyqBhys_elojKLq_7PLFTn_uIF2SrXgS1dSnWSOB4CUPY9mBAGz4EypoIPwZ2OQPfKztcD6yE8AVmQ4e7QUa_a_8QDmsm4qGZ_SiLD7DRMX2qNc7aOsLgZRzcjz-TevA		f	2025-06-07 04:31:17.423848+00	37
147		https://maps.googleapis.com/maps/api/place/photo?maxwidth=1000&photo_reference=AXQCQNRCPvfTqRWnwEA491ZS6-Hm-QokMdWzkLU9QIsoG8Flp_bIbRHTmJBpgZSY6PVLQM8mnbexfGfzA3TSclyPG9iV1uvI3aw7tWteuku6fh6VV_d2mcP-U6TQNpUx_xh6bM66V9yOpz9I4ESFfHzU9pbpK46lIwgOqjzInefAe1ahybHFsvhjhbG5q1HMdd0VPBbQUiOhx3GCc2z5jr29mE_H-wm1prjCM8FgL1Ijj1WFJd115hT9O4NzEA2H5V-28F5IwXMFCItegbWuZaxpJJeuVgaD5zQx0EeOPOx4fUX0KwfbeMBMWaorHw5opqfFCG3jcc8R6aU		t	2025-06-07 03:43:57.385312+00	30
148		https://maps.googleapis.com/maps/api/place/photo?maxwidth=1000&photo_reference=AXQCQNQ9HvRTIkziKJn7Q2wQ0O0wGfQ7ffVuxD_KOJO4hahJmuo3fOhs8d_TiALLP_SOzJ2wMgMvf3WZotQRLEk_z9xZDh0HAr4bdoi3vGjXVd1BSCoVL6VUbFRY1o8nKpSlKbcJz-gdExduu3dc6vENBJg8RT_bPMxMo29ry_8SbmMASbZw3ulVETR9SxuTrkdCPmlrVsv11-hrD_aUgEZT6JVzwMwKTkOEglk3e92rpJ_rShxNFLhiP1ld40mgj89AIHnXr9ofai5j6_PDl61C90iPcj8j5Pq5ym5Tt77VNqTtKZHSEO6B3MtvQhctKA4sAKEDVZp369w		f	2025-06-07 03:43:57.387286+00	30
99		https://maps.googleapis.com/maps/api/place/photo?maxwidth=1000&photo_reference=AXQCQNQnVq9KgPnGHDn1L0iV8eBH-Wz2VDssSLc8d1VQ_dV0SMJWPFECVcKfg05nIpr35Qrz5ZZtx2RzX0lf_yggd0b9YgXHEJ5ms-ZK5bcfGEosoWQpjLRL065o7UjyC08JZSalamV5sDZJtitsobZ54YvJad827Uxq1ZnppVwF9lvLXork9r851HWK-3I9OvBi8sdU7i9CRQOsC8dk1binFDhQnWEHqdv2KpyHp2tiS7fZ-mZH2DmbDmtHsCGI3Rk5h_Ezo_Ottn4yQkWRSauw4qnEuw3kcDAq73C7GsKnxGoB0s3tY-Sgc31AQ8g5v6O39X_O6QAsCK4		t	2025-06-05 18:56:28.512849+00	22
100		https://maps.googleapis.com/maps/api/place/photo?maxwidth=1000&photo_reference=AXQCQNT_W-DcUQJ86agAepLFuMm_cSOIa41zQL1AoDbzphHfBV5azoerb5bJLBB6SghnzoE7f4voOwX3Vqs4dLYs3tHLLuVH8j15paygl0-aGVsRua3tZLuTiUvlxvjUnpeV0fLXVrcS8Pig2bpOp5QnfMOLg_dp6iud42w6RmfkX5V0HQWFNC5eBQ_0VM8ZwmcQqyTCntsLok82QWaHoG8RsE8hYl-DA6jNWxq3aAHo_k2UQv36YusYJtDn7iCmzIpM6kFSC_ZvaG3lSHW90taBTyOwUl6dDGKRE59mHTyr2iaW1Fxvjtl02hSOM0pwTbZVoYV7g5hgTZJvFAbVgXwns3XdOJGaAXs6G8850QK2A1QhxyvNW6bkmyYtFIkne3snmywn5Z__vT0AsQOebQiHbXzs5II7YTNVtcKmwyBD2uYBXPflbSAYqC_e34pNy8wNBXs_FOPkYEP7oM98hkN2Zo29MK2cy9JspR-AkYrI6C_rgGT30_WeME26pUjWLmX27ES3H_RBHZvOrv95ZFIO1-axtbsfWKZ9MGMtM00MPJHZCwGQqvpfQZxWJQmeZNqryd4TYqe08Zt59wEpkaaRvgH90GVAodT9QhgvsavroTxz5ZZoRqvgYlY60sHaHBszDaG93A		f	2025-06-05 18:56:28.520897+00	22
101		https://maps.googleapis.com/maps/api/place/photo?maxwidth=1000&photo_reference=AXQCQNRJawbH1vfJge25pim0e0jzXC5xm52EEZS-zaFsDjgaVxGnk6sIC7dLCXKHaZ8p-N7viItQ0ZmFmo8zaleKnY8kPPmsKKqmRBPFSUsjXT5kMw1t0KMv7a6oCVHRRQ6n4ASUyzekE_D_VoQhjbnA_HFrrN0rXKMgRNxtzIDbNYVSEDydX4aGGvOLgEdlTNxsVIVKXqBFOnMVrI8RS83xs1Kx8P5QWaewRHYUDy4-_M0LB8C0eTj_ShG2ocWlQ5mA4ZFGEkfqa5lAbicvBcB3kI6KMj_hkcseB1LJDVgf-vy2Q8jaggaB8Tk35aqKTPE9j2EReBvAbss		f	2025-06-05 18:56:28.522921+00	22
102		https://maps.googleapis.com/maps/api/place/photo?maxwidth=1000&photo_reference=AXQCQNT-pqSkefhjMzSWiAIUtuEKnbCeH4YOhBFTYyCTKdc9lDMA0QcIZyU37rpp2wp2h4MIm3QmwYlEzSqEkHMxNaUrLaofY4BVZbsWLJgTcSr3hYC332FEjXpCKFw1GDuvbu1iYRhjYoFY8wgHdAO2WpBZTYQrUuD8NVLIyKg4SpUHrMu7cch1090i8wLkSlLbEYkgOzIDR5UVpaTdcLzZQ9qTHb29TrYOQiFdFoA6_KqUXn8sqgG4Nz1iVL24cVibuABCT_zfkWprH8RlUSxX4aGOPXeAVWiheTEDVrrmG-1GTrBUoSEgn0koMkrZa1NSTHRGtUEL39g		f	2025-06-05 18:56:28.524676+00	22
103		https://maps.googleapis.com/maps/api/place/photo?maxwidth=1000&photo_reference=AXQCQNRny1UWpDsjmAAozLHDv0nLCEM0N2g6kPSPnX9fHNawdhPPYXoKNQywT-i8ygx6NbWBgRefuY2u0Ki_HXZnoVVv6kW9jW4_0AaD8_oIMFhl2N6Q9cRQLvjkXUwbYk1ges2gs27EnXa5R__ThhiZWQAtdhOWt7CFnOGR-iS03PaErpO8N4dD7ZYJZoLM5Sh7_z4pVFDwBF6l8i7WZ-fxDumBYY9CW2FzoCmwpwwfTd_P3_sm4ve-Xfk4sBXzsDaJgYQXetPwy-GxAIMXC6UxeeLZScBpS2lFtSfi6rsNA3rWf7XdUe4ugehx22IgyR2RSdjQsDhYqKnIECVNFV2xz8ThM_rnppo__5nO8iE_x3DkH1fqZdv_5CdRnsGj7sQhPRKuc3ilmYo2f6n9wnQVl8Ky3wpb1Zpb85c58YIXwjJxjPuJdVw4flT8-GU4ofxGHB7L41Gkvz2r1aiO0zVF3LENEqeV6xiZdU80ngvrIYolyb1ElYZ-wva-9sDD3zdXyfN43UnnaWSgrUSQjANBwhzg5q77COKTz940A2394atfuFA89rT_MKP_9KalOK1cAiyL2rwiP-RIN4-fbnhwkomazmoHRGI-XeYGWK8HEz6y3Z9gvOK8DAL3D9bPz10CveY6OX5f		f	2025-06-05 18:56:28.526424+00	22
104		https://maps.googleapis.com/maps/api/place/photo?maxwidth=1000&photo_reference=AXQCQNS1LH6ofEMGc519Q8jPzpL4qqIHtXuJXTa8pWu24k7ckOrTGc8hAG8rKFBH8B87FdpPr-DzOe2DR3x3G5ZGjnMCrHE1hLO6UP4XwwtvJrVL847XdEjZN46t2Edpfred2gYofiLUhwVLqIiVkMoLBWahaWRx6WofdRcXjYgIvzOoz6wW3-yRQNwiNhChBZF0NMXP2puf141g2bK7anMrpKfw-R6X4ojOMFin2e-Fc29KOXl6o6AY4fUbAQx1ZhE4C0adumlP9tqu-C_sEyAvmLEQTSaZqk8w0NskOh8DPMOYEcPFcGq_ZmI80UBmOGdOEWAlMwcCb_U6oYx2mzN7Rr4B_OWZsqd64EHkj40SaoaOvHgVkQQ2yd-hZp4-fnTOqXE4tiaWpuuvweHRiAALP6CHKnVh6PmtcPHAX4RdAEkUaLHQwmXBn4zJJZCOtct0-q7Sx7WyaMQIusj2LdLqGrbHQHWPHUkklmbOHUJ1neis_uI0eqBCMS3vkX7CoedwywkVCtbpCU8oObdBRY4nJstS6RlXSfuDGajZDVQ0s3On9_bw4tLgVNoneGjpxvnCSBnAK5gC6GSTd-4ahRtrKPTqsG4MQBLPGDHTMgejYkHnyGG0Q5HDkPCu8Z43iselj9MF-ggm		f	2025-06-05 18:56:28.527836+00	22
149		https://maps.googleapis.com/maps/api/place/photo?maxwidth=1000&photo_reference=AXQCQNSpgICVk7TVPMcRScGj-ePirHJ79t-Lp9oL0hUkJXj8MW1HQedCUiMV-QP38nDrJ2EhyzMr505Bl2fwFnB7hPyEK10FD5m1ixSRmcbNC0cGbY3rBUaJclxb2LWci9j5PVD-7dZVu7yNLEtRA1UzlL5f5qDHogsrj40m1He1pOcqe9SR9IsiInNl_cBoKiSWe8Q1g4BEmlMa4VqRMk3dyvbzLOWxg2unZafMCpwm67099BzuiKLYBfRztaQHBAWLLkjssBmstKg5eAVLtFkxRiReZtoijAPggA1Sr6PtU7EGxttFzVhmcWSCUcIFcURXLlkvjfpzs6U		f	2025-06-07 03:43:57.38938+00	30
150		https://maps.googleapis.com/maps/api/place/photo?maxwidth=1000&photo_reference=AXQCQNSd-yuvxjA0BEpVXP03Do-xCrBjTLzrpJ0G6VYZkCuDfYnOltbV57azIYCHsDLQd0xhEEbVElRSru3Snggj1JYALsOyOapcpT34aj0A1yoazI4xHwXiLD9wZdtWy_CNM_uzlcNeqPc9P704IEijTSKEqNyDGwY00oak7VOhT_1P_MlharwvSfV-EoZ_-yIcATeqGyomc1jEswEYmasVHCrytdxTN-HZ6yc5kBk_2g40-I5saaWhfChty3rh9qbbYAkYa90kzHtXjL2aDFosWGxEtFGmxWRlrBCb2I5oJ7XJkZVXZ70VzgJTUAodpxapD2NS1HO2k4c		f	2025-06-07 03:43:57.390781+00	30
151		https://maps.googleapis.com/maps/api/place/photo?maxwidth=1000&photo_reference=AXQCQNQ1evSXYVxt7HfCx9OkpW7UtvBzARii6csDaSgGKHbH-yBfpbPVF7P1MOvCTCwMG2688Fqv7PNfGllTL2iviC0mMokqy8CAKRRa4X4dyzU7mGlzW19qJnQNE8m816k38_fK47IA5dTv1VqdPnKGN3Z8fOlw0M5u-oRUKPVsMzJ0Ebc-yW4qxhDf67dWscdj06RmH-Md9FWtA_rGDXrmwz1oZN16SkZ2gbLS3YFjf0s-4s34rf8eK4UrotomVtCMIYsDH4EEian6DFOljmq6LF6ZajUicKosTKEHtuvIQLJSfITXxYJgO8OqJ1chfRcKhVt7sira5_g		f	2025-06-07 03:43:57.39298+00	30
152		https://maps.googleapis.com/maps/api/place/photo?maxwidth=1000&photo_reference=AXQCQNTnJhARx3nmyyJ5S7818GyBbaAR5nEQXXIVa5DBrwFWOCIW17v3wYnvBS6DWnOP5u079l0Q6eYgtVjKJ-XsfkK_7GMRZC4_VlkP_FUGnnoqckKzPXaRa1bLjhXLY-f5RgbBlvxYhbzy7GmrSSfi0S1AF3UODCLrbUaDuNTkSj8WRD6i_AKrahzalWP3DaEDd5GyILLeuWXmyfeTG77bJzJL0FvdY-KlaN8Nlsb9Sxh7IglS4NoqIS_CfztrcRtL4Q91lx-dGjWmF_hyBVBE8NAHJAZSMw_Niw1Qs26PxEVf8-1dcXnAYooJlxi2BB28hwQFgHIOUWs		f	2025-06-07 03:43:57.395186+00	30
166		https://maps.googleapis.com/maps/api/place/photo?maxwidth=1000&photo_reference=AXQCQNQqUG3Ft_h3uYyyx_apwC_DPNWSy5DEO9Ptrra23FSBgKVeQfMtpFDgehrootauCWLtPnVt0yl18HlRG6SBCYbafAylhmXymrVXQFZ7JheqD9Rn6SuoIzhWcuRcmydANRx_TZArxaKbJlu2tmq2MUOBjOHahaq0wTUAJrlOuouvhM_DY4sqXrj2ZlWEu5lI8DF_6BcyYfO_icjCq48yrjCywbQKqF34Sjw6PU0-JfBxft3EgCkXELTkJ2Xx1zvfJARyKpuDZsamnMZE-dEoCL9TYMiOuBwcNmv_lTMOxTozQMHXOPD2_v94xN_B_v0bTmGq9ALG270		t	2025-06-07 04:21:33.127349+00	35
167		https://maps.googleapis.com/maps/api/place/photo?maxwidth=1000&photo_reference=AXQCQNRBrDJUzH1lctSES4_FrrLwO7ok-n3AJWf5TRsXXKpTj7QMdnJYs-vz5yWS3PLqgQ_pSQKmeWUqi_ojLomL7Ql2DR4M9nTyNrcEgWldzMT0H8MJ0kA2gEtTlUDMJAcN5SgpdwPAcwIufvCHfhpg_lsbZyFjjTQ1OmcPdZpBmeybx73H_0w6KJXdOwt4BI1nmcl3b_Yu-YLar2zfqAFmI6Bb0Le_t0nrfTxKmKwzKU_DTXwOouB_xkjbuTYXf-LANGau5FVFosnkqoxoEi1F_UOIuUKxtcWTu0pB3N3e8TYSFmjdVdrNYQTd-eGUPFbPql5SRkSuUtA		f	2025-06-07 04:21:33.129368+00	35
111		https://maps.googleapis.com/maps/api/place/photo?maxwidth=1000&photo_reference=AXQCQNSrS8f4kijpXVMZS_Y5_ocMu46r2i9-EXLpcIG55AEFP-gmM05vBhfedOc4XK9G4qnk4aAHM8aVhGhFiSgVECi-dxfubT8EtB_7yKB-XOSwhyyeFmGnMhBl3ndCsdoFBmId2O7pGnQDPreGXkpzsycHcEhezx6OUt55llE3SBtPA3tEjIS4AlouhyphjiV7fig7eclyeFktN8IKAOI9d0H9BnCnWA6-Fi0-41gQM70CDC9AX1Rw-m9w71Z-w37RZ7dddfaovuoZDJFdBco8ay4FqnVAbSj07HAKux3Sx-b5fmV5BVOs1XdmsFpPTWCKjNainoAqUTgu7cnMDMNIZG7cIS2xbDyDwUgNPrsOCyFWMezhlFcLZp-nWalGeC18FjVoVYENwreATMltNImh_oYWDu3vFofPswWe_Dfb-jc9RuiNo9gRmIr973leIIWZ7jyVN3HLQLaxbReXo4okOvNgqsJUaPx_G_xdG5teGQMwZFHcO77R4itl3CoYNfE6tGYtt9tZuq7p8i-Ii-coTs0iV4oZnC_0if0BsEm1Boad8fCKfoh_YEs7P9dNjc5uClAXQJrs0Bo1HF4JJLGjIcoVkKJ0xSS-uX5AlB7ynQt_zvkxCmmtMHULhfbiM-mxLcorpA		t	2025-06-05 20:43:57.264519+00	24
112		https://maps.googleapis.com/maps/api/place/photo?maxwidth=1000&photo_reference=AXQCQNQjWgptGic8PqQtoJp5z3x2T2qpxs9x2kqR0p8pROxDZ0c2jpT-nBulC7KE4Eqt32bSMp5yN_aHUmb52Y-DeVe3ZNwcwCGzrUzZBcdO7Xl73fxVU3DKPqNDhXOSSMKWx9XTc0j672xz3CKV-l-pTNe__d3Ey5cRy05FDP8aQgSv3_ws5SQ59JH_mchF3ZqqfFIy5LaSao_bQZb0sXYdRTKfxv31UXpl3NaSocFOcPvbDhDmlYIlZICIXOr8kWjPmlNm4UIXGJcjHSBsyNZL7RRPfEnDAekWOmd9kNRv53aM8fufBj2z_VEnkCV2bmfasH67COF1s8n0a6d6ADH8at4TkL080AQDjD9JxM8yqAdQQLSs4EWHPkytk_RATIJY7KSJeT8fG5h5JG-3uPv5Z0vKtKhHzYNIjkHcvqf7ztkaAlXVvC9PbzMFjwM7qAC3DBE64rpMZkE6XJiz03cqWSiCLHrvI8Bc-RD6D7pVTTSptLOdZyDTdfTrajfuZGha_0RglTwqHC-ES9BolJV2FuKBrbxrua0_z-DnP9KLCPx77hLrt0KHrnGNe_52mKnpOpSEgj7s2515dE9SM_aBRaRHi3EHiF8wBUFxDNHkZMrgxqn-8xW_3ZDU1IVtxm2kSaS3iA		f	2025-06-05 20:43:57.266573+00	24
113		https://maps.googleapis.com/maps/api/place/photo?maxwidth=1000&photo_reference=AXQCQNTuD1oJoRLYI2e2pFrnA6sdUpJx1CAviTRrcGBq6pu1OGmzidl-vQG9eBKsJUvVGXGoEyR7g78eWT34W28QgGSYj2gei6FWj9Atl3vX0JwweqWTvNEu1HHfO8pBLu-omP1yO4k5RRQvF2MNljhfFAmOWZ_ExexbjSUhCkjqC44XNa6Afe1Qcpc7alC_XArteh-oVRXV78PuQpjuCUvuprhRhsPW3dwAH45dAgD8wfFY97HG4lZxuu0W5XioqW7US60EESapqC9xxyz-G1jluB17XDrmhjb4EM5UQ-bke9i6x-KjPSWsZ8PCgpeLXjuVovoYHi7a2SB1ccpP1qenv-IZLeHACOCix5CnWMRLBnmXqp8AWisqqFVUv-XXPLdmayNvqaUFhblZ_3uZUydRLbY_zSdfdNjKIgbIfiTKZW-xB78FWA9DB9Uo1edb_Pp_VA_05Xd4K4ol4fEbfBa_8Eqvpl-evTsK6CTAGg_bWwgiL4j05uB8-eJ7DfACL65907g3RqW8Kxd3PjfAkbK_9kqqF1JtOkGDeriUOE_Y7JxMwikX45LbQKPAfJe2W_IffpmWzpxFKHR0owGTIqrQUI6SzmbSupPZPj5Ns8X3DQF68l2Ob8UCMS-1pD80TqIJKRJc9GrA		f	2025-06-05 20:43:57.268477+00	24
114		https://maps.googleapis.com/maps/api/place/photo?maxwidth=1000&photo_reference=AXQCQNT8e15h5QLHoUcLib8IHcK_9_k_meC8fVgk8UP-SzaRIvtb8tfNxMYAlhQthd8yY9TNRCLWQ0JwG4hMsf-9ZrskTukcXoFiaE1vi4QtlA-xszhk6uW4dyCUyWiMV5L1eSCb3nt34sCesd9qGZ2eNIEO94QlL49ywPL0Y7q8k9iChP_HkONaeFdpvj9c5MpVb5DbYbl72_qTKPuxa89F_yACJ6nQki1hYrJ2scDYlgV0T4XA3vQdKr5kWWY15a3JLMtu5oED0-_Ta7-q6ZOtKhgQ9MiyWVJ5BYW2v_ohdSbZ4UHkriSuOnP-sJ_jUM0JB6Jy_JYje4o		f	2025-06-05 20:43:57.270395+00	24
115		https://maps.googleapis.com/maps/api/place/photo?maxwidth=1000&photo_reference=AXQCQNTgznrXrT_gSKektpzTl_N1k5ULOzEWjS6xesei7SPljRvdUyMNa-al4M-fVDz-rZ-BSVDVE1ZOL34jTh3roHU2YKon3ROY2Qs__tY3wVwlzEK8s2azp5q_z9hd72Y_QX0gdAqXmBNo1lqaOKVAPeaYTWSyb1bPZJRdntEPe2cIUEr89Ydm_oCFJdmExpAT6f_OLebzDwQtfU2OrTMD8PmTsfifS8F0a2SgciwTs9nkYXdiRuRiA9BCZsvBEEE_cLmbKRvkM_YhIoCntSa2idaqtRULRKpvvuXmfaLfuc0G705Q_FDYIzU3lJkZd9iqrCTexg1rev1U-HmUMWHASPc8fU5fIqhmeJ4h897-FWCcCN0zNtJxVzZ1fvs7XP2svf0sGf3XqgOlENu8VtBSEfz0Y2sl72Ccq5JPvpmEk6mW-gvG4Oo-TrTfmd7sQWJvdgmVi68-ITsqv9vvKhz0eIKD8cm3GK0BhWHDnloJY6nywPoKCs9jNLwXamPP4AbscfEPMvuPNOBsGHZ59bsyCO1LQxPXzJ5LzM9nFSHjMj4uPzQfFIoRp-8OXg46dcoWIThyDeIkA3PMu2Hxyo9j_I8Rfz92zOH2diOMRbn5zyrk4AcB9WSbXF9OK8HYBdiahH2Vbskh		f	2025-06-05 20:43:57.272385+00	24
116		https://maps.googleapis.com/maps/api/place/photo?maxwidth=1000&photo_reference=AXQCQNT0nOG8wv0EWNqbtFRfMIg92F5_BaPbXtwKHEccg9ANMsFXtwcljeluzNj23BqMVMFyNDIsexS78LFXaUH39YgaUFyfssdCZUXMGvbVziMD_yojm3PAUc7CxjVm_QMt4DOW6AoAhTk6k_2Wt_YNx86On4uYvX5kYs8_Uq-kuGEvHiJ1YniwvEZxwqHkMZplo3sjV6xWXA9SSMTWRLCQOCcOeHDJ3sYoZokCrBdNBPig0cJKUt1hptu0Tu__h1tzw6bW4YnFddlUQLYHi0mhrTgezOVVRpZFxuZfjtd-0NQ1yCPxt3w3_VcJ7m-u1tfWV3DN11-hPSLKAk0GJZn7cXMynjC_BFn33vT3lOP5vrul3M6vdBu4UskSBNb5oxYz0Mn9KDTNeYuWlRoeu5yTjNrjAoS82Kmlg9oqLt8N_YY1oy4rYqWCW1wkhFiLagCzH_NfNy0ijzOT8Q0PXt-swuCS-r6jTUxHWOvVkeVd6KYLKkbk7Ob4bqFPpMLhqWhLgPV-zob7IEnLbxl0kN-rXL6-PDGxTdsa6HsbzpK8idOnHa2aq9lo8kbv1kbrRBzx4S8MSxrYSL8b8ahokUS0R_AGmsJ3Auk0BZk7IynSoLe7hzuGIAIzlUVc-4iQ9j2v		f	2025-06-05 20:43:57.274162+00	24
168		https://maps.googleapis.com/maps/api/place/photo?maxwidth=1000&photo_reference=AXQCQNRViydh5mW2KLv2VE_MEzrm-ZvpGB03mFFvUh6xQw90MAzxXd2mNvTf2IWlWUY7nUm4fYGO8kpDKw7ZAwJpl9cKavonwpVn8ibNSeXtZleYS0WXOEyeeqpJmada1tLrHVddmFwJtbAjWwhSsjdiWNsKVw31bVvm0UCehgNICM6i7Kp7zEKXMMN87xzwpQnZmg_swkuHA7GRGx6FKfofFLmGNRD0mboICH8SN4BIDrL3ggnmectonoHWHZWa26EaT-yfXDGq0kgn_1bvDmsvmiFAJwzjPMUMyqZ6AFmp96iITwEOW9a57y1Q99fYr5ajbVyXy15EYf0		f	2025-06-07 04:21:33.13171+00	35
169		https://maps.googleapis.com/maps/api/place/photo?maxwidth=1000&photo_reference=AXQCQNQXjQeBt-g4KKX0eumThTDIJTNYK6Cm_NJ-IuOA3h9MqjPCKU7oWjvi5ItkGY7D8Xigp8c-fHVu_-3qdXD0uVG5z5xsahuj_0vRYH--5Tc1TZ5FoOzox5Ui2pTeB4U9wNEMmLFAM-oTEOaaHJckdLKuTMs3R98YjGvj6IROy_WKOu3fhDFMYNlrCu984PlcUXmCvFQ1oLeM0XrMzf_0pu-XOfu57hocsRtiybIf83CzA1DXXnnHFvt6UJQkjrNreoTSWCDK0yhV5b_RYFoV1mL12ipbip5-1lVdZHQYkW9emIx4RdwHZt851Vy-EWGOS9DBAcDl51M		f	2025-06-07 04:21:33.133706+00	35
194		https://maps.googleapis.com/maps/api/place/photo?maxwidth=1000&photo_reference=AXQCQNS0j_gsweqwaJsl3VpkYviTC0AfQ91NCjg38lmbsS9P73dYpnFTwhXli2579Q4LBJW1l_oFiyLHyNAxFeBlvjC-E2OaDbKd9XhVWNY81rtw4ZpvnW9WZayTqFU4r7Owd1O23y29offPiQyNW97zoGeVdrKiQcIwfk4zRSN8clCTyfDYQs-sl6LcrktlKK8w9-_Y0mTUJYww8UgYwYJWtmaoAzTbdkXq-O81ztVyiiDnEOrX5OBJt-inhhjyqws1YU0h3MS7sWfSbLlOU4942jaV4WDnr07w3h6cSmJvycnEOxgZUXqGi7KgOTPibQpljHCs_7X49CE		f	2025-06-07 04:41:55.679894+00	39
195		https://maps.googleapis.com/maps/api/place/photo?maxwidth=1000&photo_reference=AXQCQNRRJKxQF_wWvn-Golnjx2LYQVeBKvIq-pxJx4_NYo9hZPr3odvqzdgz1IwWIfB0b6Gz7fhLlRcXYRublbQ3iUWLpYDMad-uFHzFupf5YcD9WlsA810f1ZYPCMfgAM8r6j3Q52cCrTZR0erWkta43GXoODE88QA6_Qw3hoO20rEFA9Vqhq8aQlTScJIdSX2uABRMGOxV5pXBXXNJunfIzvQzMxObPNfcDr5lbA5gc31Awn1wNro31eA1--9YEayamS5JMDlxwPuWUwuXuwDtGQxTSh20MDLM6IGTp3TG1a-MrwWmeetWkgOj3ikICNeyh5oSeTdiiY4		f	2025-06-07 04:41:55.681762+00	39
202		https://maps.googleapis.com/maps/api/place/photo?maxwidth=1000&photo_reference=ATKogpcGPhYLySn87uRTCPxvKUV61P2JfQ0hNzBGBC4VaWbNlocyYB5xJxtl8aNdVb2oI73qVrq8BLVCrcGRYpkI5rvGz5qJI4ZGZfLbSo-8xuqEaPoFLGSQUuRAgBk45-kRq_gEIWShHrb6Lp5CYxzecGgMVNgvT_YJbWaCFN_G3scMkv7RnPK0-rkwcgBlH88tC5aqRyKl7XBu2XpgK9i3n5BFEpTyMsYfoTu1i3tqO5Fo8L6BN_0VwCJxyvffsg8HfteCZA4KpcIY4mx7m0jRDoljA0LfafhwpdnjbEjUD49OBs1PHqVq9NAxYTUDR4FIJrlbUFPychmq-S5zIVCJLQQ29XsC1utp5sP0sreBXDxO6O5yRaneTs6ROWoYRqKMqsAWpHpk_IWfcmocDAh-58lj7SyQxdCv-zMmTj2Pi02XV_mVbKpy06t-ODuAvA9DAF0xbiXPOeRLTnwUWRo2p2rG8Qq_Bee9Mj9QRlji1olDnLbY-Y90G4B6KYTLsr4ZriEF8qqSc7FuK_JckscOTF1DiRAbhwrX_Cq7c11iL4rmvCtiNu9SOHrMJXxpjiD3RRS8mfmK-rOSQHFfw4McnaZtMg5_DhSHolWQ5XfhVAdAAduT1ScLNoz5LLTdPOqZ5yDeWh_M2bCzo7K4A1SfOQ		t	2025-07-11 02:43:52.552568+00	41
203		https://maps.googleapis.com/maps/api/place/photo?maxwidth=1000&photo_reference=ATKogpfBnId0ioU915JzmNqMtcj2QHoaWiiujgZlrWKtmyLYJfWkudDk5Nv7LRBpMdcgxZXRph5ouO6yhlqsZYhMvvHIz7D2f8EfyOuofKTyOvuY0tVdmjJzlo9b9-v-VyyPmpQWih4FZu4nZtIEzOjAFsfwa_mlpMJiF8oqMCTlJKIsxxpbY_x11duz0kGDsEk5lmlwDuHq_JS-R2Jpst1YA3H6IqzyFmUSliJAiSYEKCRZI1lLYhKYN1cH9gdMn9FZBRi_MV5dBjQxbkriBOqW_TDdxHIiPZHPIgItV29ZH-kuGDT5ule1rnY-na2mrvCjsjQH6LtncrUmBKvUMwwUHRIDITTO0df3H0NCkpHEMQ6JZgqMpe8yD2KwVubQn9bvTDEf9K0CmgN6q2GKX1-2TsyII5K9Sw883QtIf_uunbnWVpNf9Kg7Qiywc_Qez0UhMfDcwFD38__9QAIXQTmETbqFGm0WHyiec7c7mhkECyK63EBbdCDFrTIdmT5ya2ntU9-p9_UuWupX-IFTbIBAzDBGhXxKpqaaAOGWTapEmLAi7Su4DTJ7uuI_TYeVxUxTKoJ5s4cNu0bsQfDeBgDqO1r51gQJ88ZqOv7xA1D8HPt5N4qqP4h4fecGKXUcvS6s		f	2025-07-11 02:43:52.556845+00	41
204		https://maps.googleapis.com/maps/api/place/photo?maxwidth=1000&photo_reference=ATKogpdffcY4smwPs_TC4Vj_AclQSnA9-iSSyNDrwRH8iWVlTx5GcKxs8aFNUktGcQpvm2Abe-vBX83scaHrB3WXuEgj4pYorygk_2nSXecP0CKcwwjP8wwa8yWw1ZH_EvmSFtATDFm_EWMZsorPyhDarlSaL7bek858HcHf1uoEPmhHv0TYvm1tYmFLHSTm9CdTghS4y1ffdBe7RlL-ZGqzEixfGAmKVrirfTtG5hLk55NdBCEFNTdG4_hUXiDMn20uEGePyTceObQRFy1lngiXeOLdiwdTi2C25XT0ei8tHmPOhLn5K5TaQlxZFRVSHm7_uZ2SlTv-LeZbXj8c5JLO-Lmp0PIaruemSa1a8T2tNOf9wpGjnwhdHcPbDPlJf1kv82SpToGkZMDWKduVD9yKsDRcHIenGohZmi6r4GyY-4pHVvk1uw9N_y6O9lzgskjP15K0OjXkC0S5PuuzVHMLuy5-2UpPpis8jZHTo-3uYXLf-CDaGgjyQhYNUVmSWAEWeAzEUvz0iaadFL5ZgQOrbqw918EjaG-iBTxAqUqB4JKiuI7GkS2DlHTA22jluxWNgKBJOJKEg5HyXEwGREv6X2CoQzrNPbOKoDxk21LycaSmPkGKnJJik1PuSGEJN84qD0EE5AUK22gJsPuXSPw		f	2025-07-11 02:43:52.558232+00	41
\.


--
-- Data for Name: admin_app_dentalclinic; Type: TABLE DATA; Schema: public; Owner: postgres
--

COPY public.admin_app_dentalclinic (id, name, description, address, latitude, longitude, rating, phone_number, website, created_at, updated_at) FROM stdin;
33	Bramcountry Dental	Bramcountry Dental is a professional dental clinic offering comprehensive dental care services.	10970 Bramalea Rd Unit 6, Brampton, ON L6R 3X1, Canada	43.7630669	-79.7700827	4.4	(365) 797-3908	http://bramcountrydental.com/	2025-06-07 04:05:59.304239+00	2025-06-07 04:05:59.306863+00
29	Metro City Dentistry - Cottrelle Dental Clinic	Metro City Dentistry - Cottrelle Dental Clinic is a professional dental clinic offering comprehensive dental care services.	85 Cottrelle Blvd #4, Brampton, ON L6S 0G1, Canada	43.763186	-79.7097943	4.7	(365) 906-5003	https://metrocitydentistry.com/?utm_source=GMB&utm_medium=Website&utm_campaign=Visit	2025-06-07 03:32:52.529762+00	2025-06-07 03:32:52.532033+00
37	Teeth R Us Dental Centre	Teeth R Us Dental Centre is a health center dedicated to providing quality healthcare services.	3101 Appleby Line Unit 2, Burlington, ON L7M 0V7, Canada	43.40912600000001	-79.80979049999999	5	(647) 363-7699	https://www.teethrusdental.ca/	2025-06-07 04:31:17.405208+00	2025-06-07 04:31:17.407239+00
30	Metro City Dentistry - Mississauga Dental Clinic	Metro City Dentistry - Mississauga Dental Clinic is a professional dental clinic offering comprehensive dental care services.	3405 South Millway, Mississauga, ON L5L 3R1, Canada	43.54497749999999	-79.67693109999999	5	(365) 906-1786	https://metrocitydentistry.com/	2025-06-07 03:43:57.368175+00	2025-06-07 03:43:57.370083+00
38	Burnhamthorpe Dentistry	Burnhamthorpe Dentistry is a professional dental clinic offering comprehensive dental care services.	914 Burnhamthorpe Rd W, Mississauga, ON L5C 2S3, Canada	43.5740924	-79.6572247	4.7	(365) 363-3412	https://www.burnhamthorpedentistry.ca/	2025-06-07 04:35:14.860586+00	2025-06-07 04:35:14.863065+00
41	Bramcountry Dental	Bramcountry Dental is a professional dental clinic offering comprehensive dental care services.	10970 Bramalea Rd Unit 6, Brampton, ON L6R 3X1, Canada	43.7630669	-79.7700827	4.5	9059059059	http://bramcountrydental.com/	2025-07-11 02:43:52.531804+00	2025-07-11 02:43:52.53669+00
34	Mohi Dentistry	Mohi Dentistry is a health center dedicated to providing quality healthcare services.	9776 The Gore Rd, Brampton, ON L6P 0B5, Canada	43.7873317	-79.68411549999999	4.9	(365) 797-3536	https://mohidentistry.ca/	2025-06-07 04:13:22.79784+00	2025-06-07 04:13:22.800696+00
22	Revita Dentistry	Revita Dentistry is a professional dental clinic offering comprehensive dental care services.	10 Beaumaris Dr #12, Brampton, ON L6T 0H1, Canada	43.7640774	-79.6613277	4.9	+1 365-517-3206	https://revitadentistry.ca/	2025-06-05 18:56:28.485161+00	2025-06-05 18:56:28.494195+00
24	Metro City Dentistry - Woodbridge Dental Clinic	Metro City Dentistry - Woodbridge Dental Clinic is a professional dental clinic offering comprehensive dental care services.	7777 Weston Rd #117, Woodbridge, ON L4L 0G8, Canada	43.7903637	-79.5472958	4.8	+1 365-797-5700	http://www.metrocitydentistry.com/	2025-06-05 20:43:57.245947+00	2025-06-05 20:43:57.248303+00
27	Metro City Dentistry - Brampton Dental Clinic	Metro City Dentistry - Brampton Dental Clinic is a professional dental clinic offering comprehensive dental care services.	50 Sky Harbour Dr Unit #4, Brampton, ON L6Y 6G9, Canada	43.6303479	-79.7791318	4.9	(365) 363-1218	http://www.metrocitydentistry.com/	2025-06-07 03:23:41.284416+00	2025-06-07 03:23:41.286873+00
31	Metro City Dentistry - Mississauga Dental Clinic	Metro City Dentistry - Mississauga Dental Clinic is a professional dental clinic offering comprehensive dental care services.	3405 South Millway, Mississauga, ON L5L 3R1, Canada	43.54497749999999	-79.67693109999999	5	(365) 906-1786	https://metrocitydentistry.com/	2025-06-07 03:46:15.194815+00	2025-06-07 03:46:15.196965+00
32	Queen Chinguacousy Dentistry	Queen Chinguacousy Dentistry is a professional dental clinic offering comprehensive dental care services.	Chalo FreshCo Plaza, 8975 Chinguacousy Rd #5, Brampton, ON L6Y 0J2, Canada	43.667191	-79.7789966	4.5	(365) 797-3008	http://qcdentistry.ca/	2025-06-07 03:53:10.170342+00	2025-06-07 03:53:10.172089+00
35	Great Lakes Dentistry	Great Lakes Dentistry is a health center dedicated to providing quality healthcare services.	3465 Rebecca St #105, Oakville, ON L6L 0H3, Canada	43.3837925	-79.7359551	4.7	(365) 816-3050	https://www.greatlakesdentistry.ca/	2025-06-07 04:21:33.108973+00	2025-06-07 04:21:33.111595+00
36	Trillium Dentistry	Trillium Dentistry is a professional dental clinic offering comprehensive dental care services.	Unit No. 6, 18 Corporation Dr, Brampton, ON L6S 6B5, Canada	43.7395353	-79.71236	4.9	(365) 544-3465	https://trilliumdentistry.ca/	2025-06-07 04:27:11.671422+00	2025-06-07 04:27:11.673437+00
39	Dr. Shirley Salazar Dentistry | Dental Clinic Scarborough	Dr. Shirley Salazar Dentistry | Dental Clinic Scarborough is a professional dental clinic offering comprehensive dental care services.	1883 McNicoll Ave Unit 18, Scarborough, ON M1V 5M3, Canada	43.81173	-79.30205529999999	4.9	(365) 906-2007	http://drshirleysalazar.com/	2025-06-07 04:41:55.654376+00	2025-06-07 04:41:55.657433+00
\.


--
-- Data for Name: admin_app_review; Type: TABLE DATA; Schema: public; Owner: postgres
--

COPY public.admin_app_review (id, author_name, author_photo_url, rating, text, created_at, clinic_id) FROM stdin;
156	SD	https://lh3.googleusercontent.com/a-/ALV-UjVnfH7TgH7OBL9JbhaFSCyuvCYnBJbpgl6v81FRDrpyX3zXei8J=s128-c0x00000000-cc-rp-mo-ba3	5	Highly recommend this place!!\n\nThey have an amazing team. Everyone from receptionist to dentist made sure am comfortable and kept me informed at every stage of the process. They are very professional and detailed at their work.\n\nSpecial mention to the receptionist (Saran) who ensures your concerns are addressed every time you call or visit the clinic.	2025-06-07 03:53:10.194594+00	32
157	Sumana Gangulydey	https://lh3.googleusercontent.com/a-/ALV-UjV_yxLfVu17Tbxqhw2U00kvuhL85WvH1T0O9WYKsQbngC4nU35a=s128-c0x00000000-cc-rp-mo	5	This place is truly exceptional! I've always been able to schedule my appointments at times that fit my schedule, which is incredibly convenient. From the moment I walk in, the staff greets me with warmth and professionalism, making me feel welcome and at ease. A thoughtful touch is the complimentary dental kit they providecomplete with a toothbrush and toothpastepresented in a small bag. It's a small detail that adds a personal and attractive touch to the experience.\n\nI highly recommend this clinic to everyone. Not only is it affordable and reasonable for all family members, but the quality of care and attention to detail make it stand out as a top choice for dental services.	2025-06-07 03:53:10.196391+00	32
158	Amir syed	https://lh3.googleusercontent.com/a-/ALV-UjWZTSKV9OnG9vDP8IWMrSavmbSYFgrem8677UjXaXFz15Fl0aI6=s128-c0x00000000-cc-rp-mo	5	We have been with this dentistry for almost eight years. The team has been so kind and always treat my family with such professionalism. Were so happy to use their service like cleaning etc. We would definitely recommend this dentistry to anyone.	2025-06-07 03:53:10.198868+00	32
159	Jyoti Panchal	https://lh3.googleusercontent.com/a/ACg8ocKrW-bMk9-lyvY2kqEgkOsrcKrHaD4UVH-p2yvi8taJro6Beg=s128-c0x00000000-cc-rp-mo	5	My whole family are patients of this dentist clinic and I must say they are the best in the area. Very friendly staff that treat you like family. And they are very accommodating with your appointments. If they are running behind schedule they will always call ahead of time to let you know. I highly recommend this clinic!	2025-06-07 03:53:10.200647+00	32
160	Gr Sachin	https://lh3.googleusercontent.com/a/ACg8ocKzs7HDmBaD8cx0k2mMhPchzZFBLQgR2n7Ko-stQTX3MZ7NEUc=s128-c0x00000000-cc-rp-mo	5	Actually, I have visited on may 24, 2025. It was an appointment for me. The service was so nice, no need to wait for longer time and its all on time. Dental doctors are rrally good and a good adviser. They explained me in a good way. Thank you\nI recommend to all the people to visit once.	2025-06-07 03:53:10.202374+00	32
176	Pavaneet Buttar	https://lh3.googleusercontent.com/a/ACg8ocJOcTvOVFeEYkq1ZHafJVfxbBIaXd30pkwgjL7hskH7pYfVng=s128-c0x00000000-cc-rp-mo	5	I can't say enough good things about Dr. Gurjyot Kang and the entire team at this dental office! The service is exceptional, and the staff is incredibly friendly, professional, and always willing to help. They go above and beyond to accommodate our schedules, making it easy to find convenient appointment times, even with a busy lifestyle.\n\nOne thing that truly sets this office apart is their commitment to patient education. They take the time to thoroughly explain treatments and provide valuable information about oral health, which helps us make informed decisions. I also appreciate how they ensure we stay on track with our regular cleanings and check-ups, providing helpful reminders so nothing gets missed.\n\nMy children absolutely love coming here! The warm and welcoming environment, combined with the staff's kindness, helps ease any anxiety. The team takes the time to engage with them, making the experience enjoyable and helping them feel comfortable during their visits.\n\nFrom the moment we walk in, we are greeted with smiles and a positive atmosphere. The office is clean, modern, and well-maintained, which adds to the overall great experience. If you're looking for a dental office that prioritizes patient care, comfort, and education, I highly recommend Dr. Gurjyot Kang and the team. They truly go the extra mile to provide top-notch dental care for the whole family!	2025-06-07 04:27:11.697783+00	36
131	Deepali Gupta	https://lh3.googleusercontent.com/a-/ALV-UjUOKp1fGwoA-MvBbQpV6a6Ee2_j1Ij__utyHFgeJe6q_DmlvC-C=s128-c0x00000000-cc-rp-mo	3	Recently I took a cleaning exam and XRay\nservice. Overall experience is good. Staff was nice and service was quick.\n\nI liked the cleaning service as doctor was pretty nice and gentle.\n\nFew suggestions:\n\nNo after and before pictures were shown as usually other clinics do, so it could be better.\n\nI was informed about my cavities but there camera was not working so they showed me few pictures through phone.\n\nHad to ask for suggestions by myself as they were little busy.	2025-06-07 03:23:41.313128+00	27
132	Gokul Raj	https://lh3.googleusercontent.com/a-/ALV-UjU9ZGyRcudwT_eSOa7p56uLxMSh6IYx7kD_tQG-J2yxe5L3bpG2Rw=s128-c0x00000000-cc-rp-mo-ba3	5	I recently visited Metro City Dentistry in Brampton, and I couldnt be happier with my experience! From the moment I walked in, the staff was incredibly welcoming and professional. The clinic is modern, clean, and well-maintained, which immediately put me at ease.\n\nDr. Neha Yakhmi and her team are truly amazing. She took the time to explain everything thoroughly and made sure I felt comfortable throughout the procedure. Her expertise and gentle approach made my dental visit stress-free, and I appreciate her patience in answering all my questions.\n\nThe dental hygienists were also excellentkind, knowledgeable, and very thorough with the cleaning. I could tell they genuinely care about their patients' comfort and oral health.\n\nWhat I also loved was the efficiency of their appointments. No long wait times, and everything was handled professionally. The flexible scheduling options are a great bonus too.\n\nIf youre looking for a trustworthy and skilled dentist in Brampton, I highly recommend Metro City Dentistry. I will definitely be returning for my future dental care!	2025-06-07 03:23:41.314828+00	27
133	Dr. Sruthi Lekha	https://lh3.googleusercontent.com/a/ACg8ocL9_hnjQp3LAFVi045jnRzEeuc6qmCFXazBWyFU5Le3Tql6Y5s=s128-c0x00000000-cc-rp-mo-ba3	5	My experience at Metro City Dentistry was exceptional from start to finish. The office is modern, clean, and welcoming. The staff members are friendly, courteous, and made me feel at ease throughout my visit. Dr. Neha Yakhmi is a master in her field, providing personalized and high-quality care. She took the time to explain each step of the process, ensuring I was comfortable and informed. I highly recommend Metro City Dentistry to anyone seeking outstanding dental care.	2025-06-07 03:23:41.316801+00	27
134	Reetika Sahore	https://lh3.googleusercontent.com/a/ACg8ocJLZfswMY2Bfa_HB2PN0BB5IVdOLiMAVV7ONr_LQmz_7vRiPM4=s128-c0x00000000-cc-rp-mo	5	Great experience! The staff is professional, friendly, and the environment feels welcoming. I had my teeth cleaned and cavities filled  everything was handled with care and efficiency.	2025-06-07 03:23:41.318828+00	27
135	Sumit Gupta	https://lh3.googleusercontent.com/a/ACg8ocLtYdE3wrneJxbmd0WzTX6XDs-y7WFWLLM1H8JzQ1z9-sQz1w=s128-c0x00000000-cc-rp-mo	5	My dentist was knowledgeable, gentle, and explained everything clearly. The equipment was state-of-the-art, and the office was spotless.\nI was impressed by the personalized care and attention to detail. They took the time to listen to my concerns and tailored a treatment plan to my specific needs.	2025-06-07 03:23:41.320547+00	27
161	S T	https://lh3.googleusercontent.com/a-/ALV-UjX8gm3b6fM4Yoe5vFHtpcmAHPY1uYGKsO4iN0M-E8VuXLs7IidWGQ=s128-c0x00000000-cc-rp-mo-ba4	5	Dr. Mohi and her staff are amazing.  We were referred to her by family and it's been a great experience everytime we have come.\nWe have been going to other places and were not satisfied because they would charge a ridiculous amount each time.\nThank you to Bramcountry dental for always taking care of us.	2025-06-07 04:05:59.322486+00	33
162	Chetan Tewari	https://lh3.googleusercontent.com/a/ACg8ocL2Ot0sIbo1alZHJ-XB2YHr2brZTBhPS4WEettZAahXJjgbVw=s128-c0x00000000-cc-rp-mo-ba3	5	Great experience! I was in for a regular cleaning and first time there, even though the clinic was busy I was in and out quickly. Also, Arshdeep was amazing! She explained everything in detail and my teeth look and feel so much better.	2025-06-07 04:05:59.324384+00	33
163	Paramjit Singh	https://lh3.googleusercontent.com/a-/ALV-UjVEtSdTXk48qeaY0ao6Md90n4TfkTQG5-5Utga-EoECWoYbFjkNkw=s128-c0x00000000-cc-rp-mo-ba3	5	It was Very good Experience and Without Painful Cleaning. Cavity filled same day, no need to book Appointment for other Day, Dr Mohi is very good and Experienced Dentist, I loved my first Visit	2025-06-07 04:05:59.326157+00	33
164	Aman preet	https://lh3.googleusercontent.com/a-/ALV-UjWb5e93kGj_zn9cQwufD9a6VsZj1KnW33qFwG3mgRkZ62bBkVY=s128-c0x00000000-cc-rp-mo	5	Great service @tripati\nAnyone looking for quality dental care and a team that genuinely values their patients - Must visit here.	2025-06-07 04:05:59.327844+00	33
165	Jaspreet Kaur	https://lh3.googleusercontent.com/a-/ALV-UjWaLmR4WLmrAwHiC5znEXX1GaNuPzMbC1QV4cM5Dx0tQITSGG76=s128-c0x00000000-cc-rp-mo	5	Bramcountry Dental Brampton gave me very good experience for cleaning my tooth, it was so helpfull and carefull treatment. Cavity removed and filled without any pain.Everyone should choose it Dentistry.	2025-06-07 04:05:59.329279+00	33
177	Gurwinder Kaur	https://lh3.googleusercontent.com/a-/ALV-UjUiEsOXQzbPVzdAmpN5K7Ddbv49bn0HExO3sg1xgBgFJOK6uXRW=s128-c0x00000000-cc-rp-mo	5	I had a fantastic experience at this Dental clinic. Dr.Kang was very kind, sweet, knowledgeable and provide the best dental care. Dr. Kang listened my dental problem carefully and gave me the best treatment. I called them for check up and they managed to see me within 30 minutes.\nThe staff is very helpful and welcoming. I highly recommend Dr. Kang and her team for exceptional dental care .	2025-06-07 04:27:11.699495+00	36
178	Sukhin Chauhan	https://lh3.googleusercontent.com/a-/ALV-UjXx9FUfMaDg2XLos-pyhu2thbVI5XOI8nWVJK9RZ7Ay9KmHwNeB=s128-c0x00000000-cc-rp-mo	5	Trillium Dentistry exceeded my expectations! The staff is warm and welcoming, making every visit stress-free. Dr. Kang is incredibly skilled and takes the time to ensure her patients feel comfortable and informed. The clinic is spotless and well-equipped, which adds to the overall great experience. I highly recommend Dr. Kang and her team for exceptional dental care!	2025-06-07 04:27:11.701168+00	36
179	Kelly Jessica	https://lh3.googleusercontent.com/a-/ALV-UjVdVLNRSkXwybPGRYOf2ViBkWNITFQx-VY2Q8GfjfUf3QCVUwo0=s128-c0x00000000-cc-rp-mo	5	Dr. Kang & the entire clinic are truly amazing! There's not enough words to describe them. Dr. Kang is truly knowledgeable, sweet, and provides only the absolute best care. During cleanings, she performs them with such care and light hands for comfort. They always ensure you are comfortable throughout it all. The staff are also very friendly and helpful. They always help you schedule appointments that work best for you without complaints.\n\nTheir facility is also clean and pleasant. It is always a joy to come visit as they always make sure you get the best experience and top-notch dental care!	2025-06-07 04:27:11.703076+00	36
191	Vjay Medina	https://lh3.googleusercontent.com/a-/ALV-UjXt1KItbppw2GjnJtfhSWrJevnQJVoCR36D3QJEWTuKyte32IU=s128-c0x00000000-cc-rp-mo	5	I highly recommend Dr. Shirley and her team! We truly appreciate all the care and effort Dr. Shirley and her staff put into looking after our family. They go above and beyond to ensure client satisfaction. Thank you again for keeping our teeth as healthy as possible!	2025-06-07 04:41:55.68518+00	39
166	Ridhi Sareen	https://lh3.googleusercontent.com/a-/ALV-UjUnVUioN8D55_5w65WnXP-gbfm_kc0M5H2gIsHkZocCygmvCbvY=s128-c0x00000000-cc-rp-mo	5	I just wanted to take a moment to express my heartfelt appreciation for the wonderful experience I had during my first visit to your clinic. From the moment I walked in, I was impressed by the warm and welcoming atmosphere. Your staff was friendly, professional, and made me feel completely at ease.\n\nMost of all, I want to thank you, Dr. Gurpreet Mohi, for your gentle and reassuring approach.\n\nThank you again for making my first visit such a positive one. I feel confident and relieved knowing that my dental care is in such capable hands. Im actually looking forward to my next appointment.	2025-06-07 04:13:22.819527+00	34
167	Tejpal Singh	https://lh3.googleusercontent.com/a-/ALV-UjUabCeZhGAxU1zt6AttJQsroQOl8qFyThv18Fjafqn_N5TERJbE=s128-c0x00000000-cc-rp-mo	5	"I had a fantastic experience at Mohi Dentistry during my recent visit! The staff was incredibly friendly and welcoming from the moment I walked in. The office itself is clean, modern, and comfortable, which made me feel at ease right away. Dr. took the time to explain everything in detail, answered all my questions, and made sure I was comfortable throughout the entire procedure. I appreciate their professionalism and the high-quality care I received. I highly recommend Mohi Dentistry to anyone looking for top-notch dental care!"	2025-06-07 04:13:22.821223+00	34
168	patel krutika	https://lh3.googleusercontent.com/a-/ALV-UjWKcZozt4JcJyrg135eT4LP8mqBxeDyXS8SlXADdyoXEsXLMfnQ=s128-c0x00000000-cc-rp-mo	5	I visited Mohi Dentistry on this Thursday. All Staff were genuinely professional and pleasant to talk to. I was very comfortable with my first visit to this clinic. The doctor described the process and provided valuable advice after the treatment. The whole team was welcoming and very professional. Definitely visiting again.	2025-06-07 04:13:22.822969+00	34
169	Dilip Ahir	https://lh3.googleusercontent.com/a-/ALV-UjXD0WRMB-PlHCgEky0nVPtVIIdkI0kVvXV7rNTbL0MnuZ1RCFJ_=s128-c0x00000000-cc-rp-mo-ba2	5	Just visited Mohi dentistry and team was ready to help with the request.  Assistant and team helped with the form filling and answering questions that I had about my 1st cleaning.  Thank you so much.	2025-06-07 04:13:22.824755+00	34
170	Supreet Kaur	https://lh3.googleusercontent.com/a/ACg8ocLAF1y-7EegcOSaF0p13wKQP7xhO0As8bg7p2SB6di2Kq9vkg=s128-c0x00000000-cc-rp-mo	5	Love the experience here. From the staff to the examination everything was so smooth and didnt feel any awkwardness as they were so friendly and understanding.	2025-06-07 04:13:22.826241+00	34
180	Ari L. Farrow	https://lh3.googleusercontent.com/a-/ALV-UjUrB94Auq8ONNqZZwFD5wMcNWjiRuFUy9MLgLuzijc1dO_YoeV5=s128-c0x00000000-cc-rp-mo-ba3	1	This place will put in extra claims to your insurance that they do not perform. I was scheduled to come in, and even after a bunch of scheduling mishaps, they managed to see me for 30 minutes, and billed my insurance for procedures that they did not perform. I ended up paying 10% out of pocket, which was $50, typically for 30-minute cleaning it would be $30. Do not go here. There are much better options near by	2025-06-07 04:27:11.705273+00	36
186	Soheir Mehdi	https://lh3.googleusercontent.com/a/ACg8ocIo9USIGUd5RY-6cd1v95oBpQy6gr4WSH22FUacOVFfsLsp4g=s128-c0x00000000-cc-rp-mo	5	Dr. Vick is truly incredible!\nHe is so kind, welcoming, and truly makes every visit such a comfortable experience. He was extremely knowledgeable and gentle during my appointment and always checked in to make sure I was okay. He works efficiently and completed my treatment plan in no time. The office is spotless and has a fresh, cozy atmosphere. He is such a thoughtful family man and I cant wait for my next visit. I highly recommend Dr. Vick to anyone looking for a great dentist!	2025-06-07 04:35:14.889463+00	38
187	JonathanHao Jou	https://lh3.googleusercontent.com/a-/ALV-UjWSqwKWxr7-jARDoUWPuSKjuGXm3mDUey9hqex4kkB854H2KkysnA=s128-c0x00000000-cc-rp-mo	5	My last dentist (another dental clinic) told me that my molar was chip broken and needed to be removed then make implant or denture.  In the process of waiting for the tooth extraction appointment to come, the broken part of my molar chip part was loose and I couldn't eat, so I had to find a walk-in dental clinic to help me extract the tooth, so I found this clinic on the same day.\n\nAfter Dr. Vick quickly took pictures and examined my molar, he found that my previous dentist's judgment was wrong, which proved that my tooth could still be repaired.  After he's professional and quick for filling, he successfully saved my tooth. If I hadn't met Dr. Vick, my tooth would have been destroyed by the dentist I met before and I would have spent more money on it. So thank you for saving my teeth and money, well done Dr. Vick!	2025-06-07 04:35:14.891465+00	38
141	Sunny Gandhi	https://lh3.googleusercontent.com/a/ACg8ocKeLwOZVWduDxwxai4LLi_gWZp-lgxexoZQvNCXg1phvsDZCSE=s128-c0x00000000-cc-rp-mo-ba3	5	The service I received was outstanding, and I truly appreciated the honesty and integrity of the doctors and staff. Sukhmeet works at front desk seems very knowledgeable and has welcoming personality. Overall experience was excellent!\nI recommend this dentistry.	2025-06-07 03:32:52.558247+00	29
142	Amanpreet dhaliwal	https://lh3.googleusercontent.com/a-/ALV-UjVCe2Jx0-miJf8SXWri2Giva3_W0RSFMNftpG11L-7SKZnsDOctsQ=s128-c0x00000000-cc-rp-mo	5	I recently visited dental office for a wisdom teeth extraction, and I couldn't be more impressed with the experience. She was incredibly thorough, taking the time to explain the entire procedure in detail. The entire staff was knowledgeable and professional, and it was clear they knew exactly what they were doing. The clinic itself was clean, calming, and inviting, which helped put me at ease. I immediately felt welcomed and reassured, and my nervousness quickly faded after speaking with them.\n\nAssistants were also very kind and attentive, making sure I felt comfortable throughout the process. They recognized my pain and urgency, and were quick to schedule my appointment. The procedure went smoothlyI didnt even realize when the teeth were extracted. Dr. took the time to explain the aftercare instructions and provided all the necessary supplies. She also offered to check in with me if I experienced any discomfort in the coming days.\n\nI was thoroughly impressed with the level of care and professionalism. I highly recommend their services to anyone experiencing dental issues. Don't hesitate to visit if you need dental careyoull be in great hands!	2025-06-07 03:32:52.560371+00	29
143	Heer Shankhala	https://lh3.googleusercontent.com/a/ACg8ocIAh86LXUmOTyV7Ocgvd6UOm8U-ciSduaSrG02xYq-8kQokYQ=s128-c0x00000000-cc-rp-mo	5	I loved the environment! The staff was amazing and took their time with the appointment, making sure everything was done.	2025-06-07 03:32:52.562145+00	29
144	Prerana Shankhala	https://lh3.googleusercontent.com/a-/ALV-UjWvopL33_UaUKd7k5cvEPNaFZpYT6IBmCAVQlVlU2c9pI372v0=s128-c0x00000000-cc-rp-mo	5	The staff was incredible! I had a great time and they took really good care of my teeth.	2025-06-07 03:32:52.563969+00	29
145	Simranjeet Sehgal	https://lh3.googleusercontent.com/a/ACg8ocKOTeCoKPGzBz_8fnLQ4DZyrd2nNNWdeE8BcdWTXtq9-iLKOw=s128-c0x00000000-cc-rp-mo	5	Their wonderful team made me feel comfortable throughout my visit. Theyre super clean, and use advanced technology. They also explained everything about the procedure thoroughly. Highly recommend this clinic for quality care and service!	2025-06-07 03:32:52.565627+00	29
171	Edgy	https://lh3.googleusercontent.com/a-/ALV-UjU6EU9kZpX19n8uVCtm85Iio4roYgxnHj1o-Aog-yd6HC_uOnA=s128-c0x00000000-cc-rp-mo	5	Went to Great Lakes Dentistry and honestly had such a good experience. They gave me a cute goodie bag with a soft toothbrush, and they even showed me the right way to brush and floss (which I clearly wasnt doing right before). Super quick and didnt keep me waiting forever like some other places. Loved how smooth everything was!	2025-06-07 04:21:33.139296+00	35
192	Ryan Nasrallah	https://lh3.googleusercontent.com/a/ACg8ocJGIXkw80bdsnYp8dBdE2sWH810LLtN3U1_9YWApdg5Xt6fZg=s128-c0x00000000-cc-rp-mo	5	I highly recommend Dr. Shirley Salazar and her staff. They are professional, friendly, and always make me feel comfortable during my visits. I cant wait to come back ! Thank you	2025-06-07 04:41:55.687515+00	39
193	Jiazhou Bi	https://lh3.googleusercontent.com/a/ACg8ocJcfis0W6Tqnt5x_DaR2P9t14ym27IE0kVtli9o_Pm9YNmu8g=s128-c0x00000000-cc-rp-mo-ba3	5	Great service, friendly staff and doctor.\nUpdate:\nI finished my Invisalign here. Its a long process, but it is painless and I really enjoy my new teeth now. Im satisfied with their service. Thank you!	2025-06-07 04:41:55.689698+00	39
194	Shiela Marinas	https://lh3.googleusercontent.com/a/ACg8ocLSXn0hddbGIIem0kacbepQ2QFXsK77N2aT1-0vd3AbnHrsnA=s128-c0x00000000-cc-rp-mo	5	Dr. Salazar accomodated my emergency case last minute as a new patient. All staff members are very welcoming and kind. This clinic can provide the highest quality of dental care services. Highly recommended! 	2025-06-07 04:41:55.691581+00	39
195	Maria Filipinas Camaya	https://lh3.googleusercontent.com/a-/ALV-UjXAdBiAA7s8uY4aolPi-6Ei8jOcUw0O_qslDwggJiyH-qq_hbgW=s128-c0x00000000-cc-rp-mo-ba2	5	We highly recommend this clinic for all your dental needs and requirements. Very professional and accommodating to fit in your schedule. Hghy quality service with clean and warm environment. Staff and all Doctor are highly knowledgeable in their field.\nThank you Dra Shirley for always looking after us and may the good Lord bless the work of your hands and the rest of your staff!	2025-06-07 04:41:55.693293+00	39
146	Aiswarya Dileep	https://lh3.googleusercontent.com/a-/ALV-UjUH1t9ugG69JEfHfUM_-u-WrXVV4SsRaxFDAwEBdclFTJK2Vhj6=s128-c0x00000000-cc-rp-mo-ba2	5	I had a great experience with Dr Neha and assistant Komal yesterday. They filled all of my cavities and helped me claimed the insurance directly. The whole process was so smooth and they are really friendly and welcoming. Booked me and my husband's teeth cleaning already!!! Thanks for the great service team 	2025-06-07 03:43:57.396841+00	30
147	Mohit Tyagi	https://lh3.googleusercontent.com/a/ACg8ocKTxd7q6AWmEQw17Ej7GL-JEP5PDvtXi4PsWB6Ucupfw70NMg=s128-c0x00000000-cc-rp-mo	5	I have never been to a dentist in my life. This was my 1st ever experience. I'm glad I choose Dr Neha as my dentist. Thanks to a friend of mine who goes to their Brampton location and recomended me to her. Whole experience was quite smooth and I'm very impressed with her knowledge.\n\nStaff is also very friendly, clinic is neat and clean.\nKeep up the good work team Metro city Dentistry \nI will definitely recommend my friends to you guys.	2025-06-07 03:43:57.398597+00	30
148	bhushan gote	https://lh3.googleusercontent.com/a-/ALV-UjU-ED2mxRz_7URdTnKexSM3kIimxHrIrXYcJ9_CZhBKhU2h8O4YMA=s128-c0x00000000-cc-rp-mo-ba4	5	Another 5 star location for Dr. Neha.\nI am a regular at the Woodbridge clinic closer to my work and was impressed already with the professionalism there. Now, they have a Mississauga location which is closer to where I live that gives me 2 really good options. All the best at the new place. Keep up the good work.	2025-06-07 03:43:57.400475+00	30
149	NAV A	https://lh3.googleusercontent.com/a-/ALV-UjXqyV7IYGd0Z9dzjqGbWZ94jKngauc0LBotK20bhDi9Acf2wigQ=s128-c0x00000000-cc-rp-mo-ba3	5	Great customer service and friendly staff. Dr Neha is exceptional, she takes her time to explain you the whole process and is very professional at what she does, Love the new location, thank you for opening one near our residence.	2025-06-07 03:43:57.402278+00	30
106	Aashish Dolia	https://lh3.googleusercontent.com/a-/ALV-UjW32e3Vnj-3dnOG0VAVaoEyZOL-1LBW41CicRQUklokip0rCAg=s128-c0x00000000-cc-rp-mo	5	I recently visited Revita Dentistry for a routine check-up and cleaning, and I couldn't be more impressed by the level of care and professionalism I received.\n\nAll staff was thorough, attentive, and explained everything in detail, making sure I understood the procedures before beginning. The hygienist who performed my cleaning was gentle yet efficient, and I could tell that they prioritize patient comfort throughout the entire process.\n\nI highly recommend Revita Dentistry to anyone looking for a trustworthy and top-notch dental clinic. Ill definitely be returning for my next visit!	2025-06-05 18:56:28.529618+00	22
107	Libyn Varghese	https://lh3.googleusercontent.com/a/ACg8ocL0-KiGK38LIBS1P-imetiOnbU3nhnkPnQY_0Z0gg9rhNmDWg=s128-c0x00000000-cc-rp-mo	5	I had a great experience at Revita Dentistry for my X-rays, cleaning, and fillings. The staff was friendly and professional, and the hygienist was gentle yet thorough. The office was clean and modern. Highly recommend!	2025-06-05 18:56:28.5351+00	22
108	Grace Manio	https://lh3.googleusercontent.com/a-/ALV-UjXF2aDZXgqqLtM-R5xMm9FrKvaC6V5lTkIFrqTsV-TynPnW3mc=s128-c0x00000000-cc-rp-mo	5	Highly recommend...the staff are all nice! They treat as very well. Also our dentist was very professional and she tell everything and explain very well. We will come back again here soon. More patient to come Revita Dentistry.	2025-06-05 18:56:28.536834+00	22
109	litharshan maheswaran	https://lh3.googleusercontent.com/a-/ALV-UjVzT8Oq22n_2GnuZ14fmeivZerRGeVfMDOMgFXDN6MZz312edpYfg=s128-c0x00000000-cc-rp-mo	4	Revita Dentistry is clean, professional, and very welcoming. The staff is friendly, and the dentist explains everything clearly. Highly recommend for anyone looking for reliable dental care in Brampton.	2025-06-05 18:56:28.538381+00	22
110	Natalie Smickle	https://lh3.googleusercontent.com/a/ACg8ocJ2fLdbT_bguCz4pZBIjVIencJ_Kwb54GX-NoNz6NGXpCeqCg=s128-c0x00000000-cc-rp-mo	5	The dentist Dr.Afshan was very kind and polite   She knew what she is doing I would recommend anybody coming here for dental service.	2025-06-05 18:56:28.539792+00	22
150	Sunny Singh	https://lh3.googleusercontent.com/a-/ALV-UjXRZB2KJ5337IkMAcVqWiozrxzoZjkSxjtyWROYvhUlYwL0ESY=s128-c0x00000000-cc-rp-mo	5	I recently came across metro city dentistry flyer in my mail. I called and booked my appoiment. I was quite amazed after meeting dr neha and their friendly staff.\nThey billed my insurance directly, whole process was hassel free. Office was very neat and clean. I booked my familys appoinyment as well. 10 on 10 from my side. Keep up the good work. Will reffer my friends for sure.	2025-06-07 03:43:57.404292+00	30
172	KAMAL NOOR	https://lh3.googleusercontent.com/a/ACg8ocL0GiKDfczPiRUSM-eEJCBV0TYMmqxkzhRRAcgP84_FtKFrVg=s128-c0x00000000-cc-rp-mo	5	Honestly such a great experience! Everyone there is super friendly and makes you feel comfortable the moment you walk in. I was kinda nervous at first but the staff were really chill and explained everything to me in a way I actually understood. The place is clean, organized, and they dont keep you waiting forever. You can tell they actually care about their patients. Highly recommend if youre looking for a good dentist and a good vibe overall!	2025-06-07 04:21:33.141257+00	35
173	Avrinder Bajwa	https://lh3.googleusercontent.com/a/ACg8ocLjQW9ajyv6eTrDc94V4PHdIcP45QIuCQ4tzycqTVrfwVw_0g=s128-c0x00000000-cc-rp-mo	5	Needed to see dentist quick and they gave me appointment same day. No waiting, they took me in fast. Dr. Mohi was really kind and explained everything properly. Staff was nice too and made me feel comfortable. Glad I came here, they really take care of you!	2025-06-07 04:21:33.142967+00	35
174	Amitoj Bhinder	https://lh3.googleusercontent.com/a/ACg8ocJJErm1qyVA7BB7fKE-mijWSrlb3moF_0Xw-WgR2xu21QNjyg=s128-c0x00000000-cc-rp-mo	5	Came to Great Lakes Dentistry for check up and cleaning. Dr. Mohi was very gentle and made me feel relaxed. Didnt feel rushed at all. The staff was super friendly and the whole appointment was quick and smooth. Place is clean and they really care about patients. Definitely coming back!	2025-06-07 04:21:33.144909+00	35
116	LittleButterfly 1999	https://lh3.googleusercontent.com/a-/ALV-UjWgsF6w_XHwG4Pdq-Y2c5C_mnS59EIfWAuaVcmr24vbVDTLTDc=s128-c0x00000000-cc-rp-mo-ba3	5	I only go to the dentist once or twice a year for regular cleaning. And this is the best cleaning ive had they were so gentle on my teeth, and everyone was so accommodating. The place looks clean and they have a playground for kids. I paid 70$ with school insurance, definitely higher than my bill last year but it was so painless so i would definitely come back.	2025-06-05 20:43:57.275792+00	24
117	Dan Jeansipen	https://lh3.googleusercontent.com/a/ACg8ocLHz3SmPMGyD0RAsQPIy4YFCr_xIuc88K8oIRU5pZJxKaCGYw=s128-c0x00000000-cc-rp-mo	4	Overall good experience. Bumi (?) the hygienist was really polite and gentle, she was also very friendly and patient. Only two things I didnt enjoy were the very apparent previously left bite marks on the equipment while taking X-rays (would not have been a problem if it was at least covered with clean plastic but it wasnt covered at all). Second thing; the main doctor/dentist (Im assuming) did not bother to introduce himself and seemed to have little patience with his aid and just in general. Not the most friendly first impression but the visit overall went well and reception is very friendly, helpful and proactive! I would recommend MetroCity as the negatives didnt bother me too much personally.	2025-06-05 20:43:57.278669+00	24
118	jay patel	https://lh3.googleusercontent.com/a-/ALV-UjWmOnpIHHXaNBh70LBPX66zH23PB64KctU1ucvsQJJr3PsTE6J2=s128-c0x00000000-cc-rp-mo	5	This was my first dental appointment, and I couldn't be happier. The staff was friendly, the environment was clean and welcoming, and the dentist made me feel comfortable and explained everything clearly. Highly recommend for anyone nervous about visiting the dentist!	2025-06-05 20:43:57.281093+00	24
119	Lauren Abela	https://lh3.googleusercontent.com/a-/ALV-UjVAUANpLPH-Ohz0piDtdGOl8mivR7v7McvbunvCg6NkMmfKAfRPag=s128-c0x00000000-cc-rp-mo	5	Amazing dentist & team! So friendly, gentle and always leaving clean & fresh. Lots of parking (free for first 3 hrs), very fast and good prices.\n\nI like how much they car for their patients and leave them smiling - Thank you Harshita + Inayat (front desk) and Dr. Paulvi Gupta (dentist) + Kaomal (assistant)!	2025-06-05 20:43:57.283052+00	24
120	Quang Vo	https://lh3.googleusercontent.com/a-/ALV-UjUOMflrrPMqFmh4uIUjcd8_k-Z9kynQMb6fYq5DpmZL5TBUsmjItg=s128-c0x00000000-cc-rp-mo-ba3	5	I had a smooth and pleasant experience at Metro City Dentistry Vaughan. The dental hygienist was knowledgeable and did a thorough job with the cleaning. You could tell there was great team chemistry between the dentist, hygienist, and receptionistseveryone was friendly and welcoming. This will definitely be the go-to spot for future appointments.	2025-06-05 20:43:57.286215+00	24
151	Aiswarya Dileep	https://lh3.googleusercontent.com/a-/ALV-UjUH1t9ugG69JEfHfUM_-u-WrXVV4SsRaxFDAwEBdclFTJK2Vhj6=s128-c0x00000000-cc-rp-mo-ba2	5	I had a great experience with Dr Neha and assistant Komal yesterday. They filled all of my cavities and helped me claimed the insurance directly. The whole process was so smooth and they are really friendly and welcoming. Booked me and my husband's teeth cleaning already!!! Thanks for the great service team 	2025-06-07 03:46:15.221792+00	31
152	Mohit Tyagi	https://lh3.googleusercontent.com/a/ACg8ocKTxd7q6AWmEQw17Ej7GL-JEP5PDvtXi4PsWB6Ucupfw70NMg=s128-c0x00000000-cc-rp-mo	5	I have never been to a dentist in my life. This was my 1st ever experience. I'm glad I choose Dr Neha as my dentist. Thanks to a friend of mine who goes to their Brampton location and recomended me to her. Whole experience was quite smooth and I'm very impressed with her knowledge.\n\nStaff is also very friendly, clinic is neat and clean.\nKeep up the good work team Metro city Dentistry \nI will definitely recommend my friends to you guys.	2025-06-07 03:46:15.223812+00	31
153	bhushan gote	https://lh3.googleusercontent.com/a-/ALV-UjU-ED2mxRz_7URdTnKexSM3kIimxHrIrXYcJ9_CZhBKhU2h8O4YMA=s128-c0x00000000-cc-rp-mo-ba4	5	Another 5 star location for Dr. Neha.\nI am a regular at the Woodbridge clinic closer to my work and was impressed already with the professionalism there. Now, they have a Mississauga location which is closer to where I live that gives me 2 really good options. All the best at the new place. Keep up the good work.	2025-06-07 03:46:15.225263+00	31
154	NAV A	https://lh3.googleusercontent.com/a-/ALV-UjXqyV7IYGd0Z9dzjqGbWZ94jKngauc0LBotK20bhDi9Acf2wigQ=s128-c0x00000000-cc-rp-mo-ba3	5	Great customer service and friendly staff. Dr Neha is exceptional, she takes her time to explain you the whole process and is very professional at what she does, Love the new location, thank you for opening one near our residence.	2025-06-07 03:46:15.226964+00	31
155	Sunny Singh	https://lh3.googleusercontent.com/a-/ALV-UjXRZB2KJ5337IkMAcVqWiozrxzoZjkSxjtyWROYvhUlYwL0ESY=s128-c0x00000000-cc-rp-mo	5	I recently came across metro city dentistry flyer in my mail. I called and booked my appoiment. I was quite amazed after meeting dr neha and their friendly staff.\nThey billed my insurance directly, whole process was hassel free. Office was very neat and clean. I booked my familys appoinyment as well. 10 on 10 from my side. Keep up the good work. Will reffer my friends for sure.	2025-06-07 03:46:15.2287+00	31
175	Prerna Patel	https://lh3.googleusercontent.com/a-/ALV-UjVIE8wIfPo_VLHORzndQi9kmdw482fzeyKH1iliT4MwdS0dyVU=s128-c0x00000000-cc-rp-mo	5	Really liked the service. Staff was friendly, place was clean, and peaceful. No stress at all. Felt like they actually care for their patient s, not just rushing people in and out. Highly recommend this clinic.	2025-06-07 04:21:33.146764+00	35
181	shezin qureshi	https://lh3.googleusercontent.com/a-/ALV-UjXAXkjTBzBCidfcWrUxNSJfvJLyUQMpX8B8KgZiosJExq-CyLeT=s128-c0x00000000-cc-rp-mo	5	I had a wonderful experience at this dental clinic. The entire team is incredibly kind, professional, and genuinely cares about their patients. What really stood out to me was how ethical they are  they dont push unnecessary treatments and always provide honest, clear guidance about whats truly needed for your dental health. Its so reassuring to know you're in good hands. Highly recommend this clinic to anyone looking for trustworthy and compassionate dental care!	2025-06-07 04:31:17.431469+00	37
182	Jignesh Patel	https://lh3.googleusercontent.com/a-/ALV-UjW0h8LJk8d7VcxjN6QIbEXQ_oXQCSMu-sI4E0Dl2rHEgFFK0Hjs3Q=s128-c0x00000000-cc-rp-mo-ba3	5	I had a fantastic experience at Teeth R U]! From the moment I walked in, the staff was warm, welcoming, and professional. The clinic was clean and modern, which made me feel comfortable right away. My dentist took the time to explain everything clearly and answered all my questions with patience and care. The procedure itself was smooth and pain-free, and I truly appreciated the gentle approach.\n\nDr. Dhara is very good with kids. Highly recommend this place to anyone looking for quality dental care in a friendly environment!	2025-06-07 04:31:17.434134+00	37
183	Jay Patel	https://lh3.googleusercontent.com/a-/ALV-UjVlWhm5gZUA1EKywSvNCHvvUVpbqN5hYqn1eUJE8K4RDHs1nr25=s128-c0x00000000-cc-rp-mo	5	\nI had an amazing experience at Teeth R Us Dental Centre! The staff was incredibly friendly and professional, making me feel at ease from the moment I walked in. The facility is clean, modern, and equipped with the latest technology. My dentist was thorough, explained everything clearly, and provided top-notch care. The appointment was quick, painless, and they even followed up to ensure I was satisfied. Highly recommend Teeth R Us for anyone looking for exceptional dental care!	2025-06-07 04:31:17.435791+00	37
184	Chitralochana Wijeratna	https://lh3.googleusercontent.com/a-/ALV-UjWn9ZFwLIdK4_aHnaoL8m6Gta9WI4G8IunBpJ1P9hfAVrgUgRMs=s128-c0x00000000-cc-rp-mo	5	I am a person who gets extremely nervous when it comes to dentist appointments because of a very bad experience. But Dr. Dahara reassured me that everything will go smoothly and it absolutely did! This was my first time at a dentist in Canada and I cannot praise her enough for the excellent service. She explained the whole process and took time to answer all my questions. The facility was clean and hygienic with all the latest equipment. The staff was friendly and helpful. Definitely recommend it to anyone who is nervous to go for a dental appointment. Trust me they are good! 	2025-06-07 04:31:17.437262+00	37
185	Ambreen Faisal	https://lh3.googleusercontent.com/a/ACg8ocKTpMFcPY4BKz4-1LrFkT5Vt3LK8Fz7iSU2Q26ljj1f9tsaJg=s128-c0x00000000-cc-rp-mo	5	I had a great experience here. The staff were super friendly and made me feel comfortable right away. The dentist explained everything clearly and was really gentle during the cleaning. The office was clean and modern, and I didnt have to wait long. Definitely recommend if youre looking for a place thats professional but also warm and welcoming.	2025-06-07 04:31:17.439147+00	37
188	Reema Aggarwal	https://lh3.googleusercontent.com/a-/ALV-UjWnT29EEn1H9-nDKTetCD_-GUra8K6gX0_X9u20HjcKRO3a80U=s128-c0x00000000-cc-rp-mo	5	I recently had the pleasure of visiting Dr. Vick, and I couldnt be more satisfied with the experience. Dr. Vick was both professional and approachable, making the entire process seamless. The office was spotless and well-equipped, and the quality of care I received was outstanding. I wholeheartedly recommend Dr. Vick to anyone seeking exceptional dental care!	2025-06-07 04:35:14.89327+00	38
189	Nick Fyffe	https://lh3.googleusercontent.com/a/ACg8ocJrrV-7pQENBAtpqWAPyWrofqfz3IAH6xtq3KqXWKbltK5ewQ=s128-c0x00000000-cc-rp-mo	5	I recently visited Dr. Vick, and I couldnt be happier with the experience. Dr. Vick was professional, friendly, and made the whole process easy. The office is clean and well-equipped, and the care I received was top-notch. I highly recommend Dr. Vick for anyone looking for excellent dental care!	2025-06-07 04:35:14.895307+00	38
190	Manan Bhanushali	https://lh3.googleusercontent.com/a/ACg8ocL2Ru2ld21LgUo2o0dw0KvDL9qE--DkBiZs8Q6njJY8SSwRUXQ=s128-c0x00000000-cc-rp-mo	4	I recently had a root canal with Dr. Vick and was thoroughly impressed. The procedure was painless, he was friendly and welcoming. I highly recommend him for his expertise.	2025-06-07 04:35:14.898091+00	38
201	Yogesh kumar	https://lh3.googleusercontent.com/a-/ALV-UjXexN82YvZTALIKNbUOHPLu81X6-QZ9BFbAieYxltEVd3E60zcU=s128-c0x00000000-cc-rp-mo-ba4	5	Consistently Outstanding Dental Care!\n\nIve had the pleasure of visiting this clinic more than once, and each time has been an amazing experience. My first visit was with Dr. Gurpreet Mohi, and I was so impressed with the level of care, professionalism, and how comfortable I felt throughout the entire appointment. Everything was explained clearly, and I left feeling confident and well taken care of.\n\nMore recently, I saw Dr. Arshpreet, and once again, I received the same outstanding service. She was incredibly gentle, attentive, and made sure I was relaxed at every step. Its clear that patient comfort and quality care are top priorities here.\n\nBoth Dr. Gurpreet Mohi and Dr. Arshpreet are truly exceptional, and I highly recommend this clinic to anyone looking for trusted, compassionate dental care. Youre in great hands with either of them!	2025-07-11 02:43:52.559784+00	41
202	Baneet	https://lh3.googleusercontent.com/a-/ALV-UjUOHlGK7TmrpuugDr30tIkszW5aRNOvJ2ULxcQTmaF8ICa52UY=s128-c0x00000000-cc-rp-mo	5	Excellent Service. The staff is very kind and helpful with any inquiries you may have. The facility is well kept and always clean. The dental services are also great, I come here for my dental cleanings and have a very smooth and easy experience every time. Whether it's a routine cleaning or something more complex, I wouldnt trust my dental care to anyone else. Highly recommend Bramcountry Dental to anyone looking for a reliable, friendly, and expert dental team!	2025-07-11 02:43:52.562823+00	41
203	Gagan Bains	https://lh3.googleusercontent.com/a-/ALV-UjUBqe49DPIW0CUcdWNBppov8yTtruYSGydmZcZCoxnZTaCQgRXw=s128-c0x00000000-cc-rp-mo-ba2	5	I had an excellent experience with Dr Mohi and their team! From the moment I walked in, the staff was friendly, professional, and made me feel completely at ease. The office was clean, modern, and welcoming.\n\nHighly recommend to anyone looking for a trustworthy and skilled dentist!	2025-07-11 02:43:52.564135+00	41
204	ayesha ashraf	https://lh3.googleusercontent.com/a/ACg8ocJOtezIzeFMpOL5DcNSDkZZdct3gScUJUYDS-CZvRqYUtFwrQ=s128-c0x00000000-cc-rp-mo	4	I had a great experience! From the moment I walked in, the staff was friendly, which really helped put me at ease. I had a couple of fillings done, and I was impressed with how quickly everything went. The whole procedure was fast and efficient, yet the team made sure I felt comfortable the entire time.	2025-07-11 02:43:52.566271+00	41
205	TRILOK SINGH	https://lh3.googleusercontent.com/a-/ALV-UjW7IrFfS6sh3U_4Rf9geab1oXiGX6NRDVDvOogse7Q9qxizXmg=s128-c0x00000000-cc-rp-mo	5	Had a great experience with Dr. Gurpreet  Mohi and the entire team! Very professional, friendly, and made me feel completely at ease. The clinic is clean, well-equipped, and they explained everything clearly. Highly recommend for anyone looking for quality dental care!	2025-07-11 02:43:52.567231+00	41
\.


--
-- Data for Name: auth_group; Type: TABLE DATA; Schema: public; Owner: postgres
--

COPY public.auth_group (id, name) FROM stdin;
\.


--
-- Data for Name: auth_group_permissions; Type: TABLE DATA; Schema: public; Owner: postgres
--

COPY public.auth_group_permissions (id, group_id, permission_id) FROM stdin;
\.


--
-- Data for Name: auth_permission; Type: TABLE DATA; Schema: public; Owner: postgres
--

COPY public.auth_permission (id, name, content_type_id, codename) FROM stdin;
1	Can add log entry	1	add_logentry
2	Can change log entry	1	change_logentry
3	Can delete log entry	1	delete_logentry
4	Can view log entry	1	view_logentry
5	Can add permission	2	add_permission
6	Can change permission	2	change_permission
7	Can delete permission	2	delete_permission
8	Can view permission	2	view_permission
9	Can add group	3	add_group
10	Can change group	3	change_group
11	Can delete group	3	delete_group
12	Can view group	3	view_group
13	Can add content type	4	add_contenttype
14	Can change content type	4	change_contenttype
15	Can delete content type	4	delete_contenttype
16	Can view content type	4	view_contenttype
17	Can add session	5	add_session
18	Can change session	5	change_session
19	Can delete session	5	delete_session
20	Can view session	5	view_session
21	Can add blacklisted token	6	add_blacklistedtoken
22	Can change blacklisted token	6	change_blacklistedtoken
23	Can delete blacklisted token	6	delete_blacklistedtoken
24	Can view blacklisted token	6	view_blacklistedtoken
25	Can add outstanding token	7	add_outstandingtoken
26	Can change outstanding token	7	change_outstandingtoken
27	Can delete outstanding token	7	delete_outstandingtoken
28	Can view outstanding token	7	view_outstandingtoken
29	Can add user	8	add_user
30	Can change user	8	change_user
31	Can delete user	8	delete_user
32	Can view user	8	view_user
33	Can add dental clinic	9	add_dentalclinic
34	Can change dental clinic	9	change_dentalclinic
35	Can delete dental clinic	9	delete_dentalclinic
36	Can view dental clinic	9	view_dentalclinic
37	Can add clinic image	10	add_clinicimage
38	Can change clinic image	10	change_clinicimage
39	Can delete clinic image	10	delete_clinicimage
40	Can view clinic image	10	view_clinicimage
41	Can add review	11	add_review
42	Can change review	11	change_review
43	Can delete review	11	delete_review
44	Can view review	11	view_review
45	Can add business hours	12	add_businesshours
46	Can change business hours	12	change_businesshours
47	Can delete business hours	12	delete_businesshours
48	Can view business hours	12	view_businesshours
49	Can add crontab	13	add_crontabschedule
50	Can change crontab	13	change_crontabschedule
51	Can delete crontab	13	delete_crontabschedule
52	Can view crontab	13	view_crontabschedule
53	Can add interval	14	add_intervalschedule
54	Can change interval	14	change_intervalschedule
55	Can delete interval	14	delete_intervalschedule
56	Can view interval	14	view_intervalschedule
57	Can add periodic task	15	add_periodictask
58	Can change periodic task	15	change_periodictask
59	Can delete periodic task	15	delete_periodictask
60	Can view periodic task	15	view_periodictask
61	Can add periodic task track	16	add_periodictasks
62	Can change periodic task track	16	change_periodictasks
63	Can delete periodic task track	16	delete_periodictasks
64	Can view periodic task track	16	view_periodictasks
65	Can add solar event	17	add_solarschedule
66	Can change solar event	17	change_solarschedule
67	Can delete solar event	17	delete_solarschedule
68	Can view solar event	17	view_solarschedule
69	Can add clocked	18	add_clockedschedule
70	Can change clocked	18	change_clockedschedule
71	Can delete clocked	18	delete_clockedschedule
72	Can view clocked	18	view_clockedschedule
73	Can add visited user data	19	add_visiteduserdata
74	Can change visited user data	19	change_visiteduserdata
75	Can delete visited user data	19	delete_visiteduserdata
76	Can view visited user data	19	view_visiteduserdata
\.


--
-- Data for Name: authentication_visiteduserdata; Type: TABLE DATA; Schema: public; Owner: postgres
--

COPY public.authentication_visiteduserdata (id, email, emergency, factors, "lastVisit", anxiety, "timePreference", "hasInsurance", "insuranceProvider", "paymentOption") FROM stdin;
1	revewf@gmail.com	Yes	["location"]	less-than-1	not-nervous	["early"]	Yes	Industrial Alliance	
2	ewe@gmail.com		[]			[]			
4	wylemirza3@gmail.com	Yes	["modern"]	1-2	not-nervous	["morning"]	No		self-pay
5	fsb@hsjs.xon	Yes	["modern"]	less-than-1	not-nervous	["morning"]	Yes	Manulife	
45	chris1eli@yahoo.ca		[]			[]	Yes	Sun Life	
6	varman.mahendrarajah@gmail.com		[]			[]			
7	pesarak007@yahoo.com	No	["rating"]	less-than-1	not-nervous	["early"]	Yes	Blue Cross	
8	test@testtesting.com	Yes	["location"]	less-than-1	not-nervous	["morning"]	Yes	Canada Life	
9	nerimala23@yahoo.com	Yes	["location", "experience", "cost", "insurance", "rating", "schedule", "modern"]	1-2	moderately-nervous	["evening"]	No		interested
46	jenoole@hotmail.com		[]			[]			
10	dr_devangrajpara@yahoo.in	No	["rating"]	less-than-1	not-nervous	["morning"]	No		self-pay
47	manthanpatel7m7@gmail.com		[]			[]			
48	judyfrancinegonsalves@gmail.com		[]			[]			
11	mishra.neetika92@gmail.com	No	["location"]	less-than-1	moderately-nervous	["morning"]	No		self-pay
12	tylermgettof@gmail.com		[]			[]			
13	fucku@gmail.com	No	["rating"]	less-than-1	not-nervous	["early"]	Yes	Green Shield	
14	odokoyole@gmail.com	Yes	["location"]	never	not-nervous	["weekend"]	No		self-pay
15	u		[]			[]			
16	oop		[]			[]			
17	pl lppp ok l pl llpl plp		[]			[]			
18	yfhuvhjughifvnfvohfnjifwbjkf f ng	No	["modern"]	less-than-1	moderately-nervous	["afternoon"]	Yes	Manulife	
19	Sonika		[]			[]			
20			[]			[]			
21			[]			[]			
22	ramy.zidan1579@gmail.com		[]			[]			
23	dion38082@gmail.com		[]			[]			
24	sambojennifer4@gmail.com	No	["rating", "location", "insurance", "cost", "schedule", "experience", "modern"]	1-2	not-nervous	["noon"]	No		assistance
25	raghuvier@gmail.com		[]			[]			
26	laliki7605@leabro.com	No	["location"]	1-2	little-nervous	["morning"]	Yes	Desjardins	
27	jayprakahsbanjare@gmail.com		[]			[]			
28	dhchvvh		[]			[]			
49	nutriyogahn@gmail.com	No	["insurance", "cost", "experience", "schedule", "modern", "location"]	less-than-1	moderately-nervous	["early", "afternoon", "evening", "morning"]	Yes	Green Shield	
50	victorjunne@gmail.com	No	["location", "cost"]	1-2	not-nervous	["noon", "afternoon"]	Yes	Green Shield	
57	manuelmmaranda123@gmail.com	No	["experience", "cost", "insurance"]	1-2	very-nervous	["afternoon", "early"]	Yes	Other provider...	
29	9		[]			[]			
30	daljindertrillium@gmail.com	Yes	["rating"]	less-than-1	not-nervous	["morning"]	Yes	Canada Life	
31	armaan		[]			[]			
32	rupakumari52726@gmail.com		[]			[]			
33	sonkarlala599@gmail.com		[]			[]			
34	hadifali77@gmail.com		[]			[]			
35	9140799115		[]			[]			
58	d_g_jolie@yahoo.ca	Yes	["location"]	1-2	not-nervous	["afternoon"]	No		assistance
36	aicko@xwf.google.com		[]			[]			
61	jaydensky76@gmail.com	No	["experience", "rating", "location", "insurance", "schedule", "modern", "cost"]	more-than-2	little-nervous	["noon"]	Yes	Other provider...	
59	earlchampagne3@gmail.com	No	["schedule"]	1-2	not-nervous	["morning"]	Yes	Other provider...	
37	misternatio69@gmail.com	No	["rating"]	less-than-1	not-nervous	["early"]	No		self-pay
38	deepanshumonga23@icloud.com		[]			[]			
39	aaa@yahoo.com	Yes	["cost"]	less-than-1	little-nervous	["noon"]	No		self-pay
40	vuyavufixi1422@gmail.com	Yes	["rating"]	less-than-1	little-nervous	["noon"]	No		self-pay
41	wendyvu79@hotmail.com	No	["insurance", "location"]	less-than-1	little-nervous	["morning"]	Yes	CDCP	
42	testname@gmail.com	Yes	["modern", "experience"]	less-than-1	not-nervous	["afternoon", "morning"]	No		interested
43	ezejaemelda@gmail.com	Yes	["location", "insurance", "schedule", "experience", "cost"]	never	little-nervous	["weekend", "morning", "afternoon"]	Yes	Blue Cross	
44	kaimeloche@gmail.com	No	["insurance", "cost"]	less-than-1	little-nervous	["afternoon"]	Yes	Green Shield	
51	kavithavu98@gmail.com		[]			[]			
52	kavithavu9128@gmail.com		[]			[]			
53	tamar.klachook@yahoo.ca	No	["rating"]	1-2	not-nervous	["early"]	Yes	Blue Cross	
54	johndoe12@gmail.com	No	["location", "modern", "rating"]	1-2	not-nervous	["noon", "afternoon"]	Yes	Blue Cross	interested
55	jeffry23@gmail.com	No	["schedule", "experience"]	less-than-1	little-nervous	["weekend", "afternoon"]	Yes	Canada Life	
56	jerin23@gmail.com	Yes	["location", "modern"]	1-2	little-nervous	["morning", "afternoon"]	Yes	Sun Life	
60	abigales84@gmail.com	No	["location"]	never	little-nervous	["noon"]	No		interested
62	atifalikausar@yahoo.com	No	["location"]	more-than-2	very-nervous	["noon"]	No		assistance
64	zain@gmail.com	Yes	["location"]	less-than-1	little-nervous	["afternoon"]	Yes	Canada Life	
65	zain1@gmail.com	No	["location"]	1-2	little-nervous	["morning"]	No		self-pay
63	shubham@7thgrowth.com		[]			[]			
66	john23@gmail.com	Yes	["location"]	less-than-1	not-nervous	["morning"]	Yes	Canada Life	
68	xcvc@gmail.com	No	["location"]	less-than-1	not-nervous	["morning"]	No		interested
3	daljindersinghbajwa1@gmail.com		[]			[]	Yes	Canada Life	
69	jkl@gmail.com	No	["location"]	less-than-1	not-nervous	["morning"]	No		interested
70	ghj@gmail.com	No	["location"]	less-than-1	not-nervous	["morning"]	No		interested
71	test@849test.com	No	["location"]	1-2	not-nervous	["morning"]	Yes	Sun Life	
72	joyaltest@yopmail.com	Yes	["location"]	less-than-1	not-nervous	["morning"]	No		interested
109	kmirza10@yahoo.ca		[]			[]	No		assistance
74	testing@gmail.com	No	["schedule"]	less-than-1	not-nervous	["morning"]	No		interested
75	test23@saasyway.com	Yes	["location"]	less-than-1	not-nervous	["morning"]	No		interested
76	kjfldk@gmail.com	Yes	["modern"]	less-than-1	not-nervous	["morning"]	No		interested
77	hkj@gmail.com	No	["location"]	less-than-1	not-nervous	["morning"]	No		interested
78	hern		[]			[]			
79	yaffagreenberg@gmail.com		[]			[]			
80	lexusmuddo123@gmail.com		[]			[]			
114	sharmanidhi156@gmail.com		[]			[]	Yes	Manulife	
81	test231@gmail.com	Yes	["rating"]	less-than-1	little-nervous	["noon"]	Yes	Blue Cross	
82	9677865964		[]			[]			
83	saaasyway		[]			[]			
115	noemibatista@yahoo.com		[]			[]	No		interested
116	avish1703@gmail.com		[]			[]	Yes	Canada Life	
117	indyraji@yahoo.com		[]			[]	No		interested
84	nitishgpo138@gmail.com		[]			[]	Yes	Manulife	
73	kavitha@saasyway.com		[]			[]	Yes	Canada Life	
85	jrajbhar913@gmail.com		[]			[]			
86	test12@gmail.com		[]			[]	Yes	Canada Life	
87	Test@mailinator.com		[]			[]	No		self-pay
88	chauhanharjinder08@gmail.com		[]			[]	Yes	Sun Life	
89	agyakwaku265@gmail.com		[]			[]			
90	mohammed.malik108416@gmail.com		[]			[]			
91	irshad.afghan@yahoo.com		[]			[]	No		assistance
92	susibalseca@hotmail.com		[]			[]			
93	hibaq79@hotmail.com		[]			[]	Yes	CDCP	
94	jamshaid_alii@hotmail.com		[]			[]	No	Canada Life	self-pay
95	borhanahmed12@gmail.com		[]			[]			
96	margaretomielczenko@gmail.com		[]			[]			
97	abc@gmail.com		[]			[]	Yes	CDCP	
98	danishihsan2006@gmail.com		[]			[]			
99	mgreeno@sympatico.ca		[]			[]	Yes	CDCP	
100	karimemarriott45@hotmail.com		[]			[]	No		assistance
102	cesar_201045@hotmail.com		[]			[]			
103	gauvrecarr@aol.com		[]			[]			
104	vincent.qihan.sun@gmail.com		[]			[]	Yes	Sun Life	
105	kendisisi@gmail.com		[]			[]			
106	zurwaabid01@gmail.com		[]			[]			
67	test@gmail.com		[]			[]	Yes	Sun Life	
107	sthiru2003@hotmail.com		[]			[]			
119	kaurjashanpreet3@icloud.com		[]			[]			
120	jens@jenscasten.com		[]			[]			
108	hongchai138@hotmail.com		[]			[]	No		assistance
121	mmarcuz@rogers.com		[]			[]	Yes	Canada Life	
110	Monty.Parros@icloud.com		[]			[]			
111	daljindersinghbajwa@gmail.com		[]			[]	No		interested
112	etemadifarelham@gmail.com		[]			[]			
113	awuasani10@gmsil.com		[]			[]	No		interested
122	coquiesgo1965@hotmail.ca		[]			[]			
118	vrajsheth334@gmail.com		[]			[]	Yes	Sun Life	
123	info@instahub.ca		[]			[]			
101	sher323@hotmail.com		[]			[]	No		self-pay
124	yodeleo@yahoo.com		[]			[]			
125	t		[]			[]			
126	angellittyfd@gmail.com		[]			[]			
127	makangashem736@gmail.com		[]			[]			
128	c		[]			[]			
129	emunive05@gmail.com		[]			[]	Yes	Other provider...	
130	canyousee1974@gmail.com		[]			[]	Yes	Other provider...	
131	kaleybill@gmail.com		[]			[]	Yes	Other provider...	
132	test@mail.com		[]			[]	No		self-pay
\.


--
-- Data for Name: django_admin_log; Type: TABLE DATA; Schema: public; Owner: postgres
--

COPY public.django_admin_log (id, action_time, object_id, object_repr, action_flag, change_message, content_type_id, user_id) FROM stdin;
\.


--
-- Data for Name: django_celery_beat_clockedschedule; Type: TABLE DATA; Schema: public; Owner: postgres
--

COPY public.django_celery_beat_clockedschedule (id, clocked_time) FROM stdin;
\.


--
-- Data for Name: django_celery_beat_crontabschedule; Type: TABLE DATA; Schema: public; Owner: postgres
--

COPY public.django_celery_beat_crontabschedule (id, minute, hour, day_of_week, day_of_month, month_of_year, timezone) FROM stdin;
\.


--
-- Data for Name: django_celery_beat_intervalschedule; Type: TABLE DATA; Schema: public; Owner: postgres
--

COPY public.django_celery_beat_intervalschedule (id, every, period) FROM stdin;
\.


--
-- Data for Name: django_celery_beat_periodictask; Type: TABLE DATA; Schema: public; Owner: postgres
--

COPY public.django_celery_beat_periodictask (id, name, task, args, kwargs, queue, exchange, routing_key, expires, enabled, last_run_at, total_run_count, date_changed, description, crontab_id, interval_id, solar_id, one_off, start_time, priority, headers, clocked_id, expire_seconds) FROM stdin;
\.


--
-- Data for Name: django_celery_beat_periodictasks; Type: TABLE DATA; Schema: public; Owner: postgres
--

COPY public.django_celery_beat_periodictasks (ident, last_update) FROM stdin;
\.


--
-- Data for Name: django_celery_beat_solarschedule; Type: TABLE DATA; Schema: public; Owner: postgres
--

COPY public.django_celery_beat_solarschedule (id, event, latitude, longitude) FROM stdin;
\.


--
-- Data for Name: django_content_type; Type: TABLE DATA; Schema: public; Owner: postgres
--

COPY public.django_content_type (id, app_label, model) FROM stdin;
1	admin	logentry
2	auth	permission
3	auth	group
4	contenttypes	contenttype
5	sessions	session
6	token_blacklist	blacklistedtoken
7	token_blacklist	outstandingtoken
8	authentication	user
9	admin_app	dentalclinic
10	admin_app	clinicimage
11	admin_app	review
12	admin_app	businesshours
13	django_celery_beat	crontabschedule
14	django_celery_beat	intervalschedule
15	django_celery_beat	periodictask
16	django_celery_beat	periodictasks
17	django_celery_beat	solarschedule
18	django_celery_beat	clockedschedule
19	authentication	visiteduserdata
\.


--
-- Data for Name: django_migrations; Type: TABLE DATA; Schema: public; Owner: postgres
--

COPY public.django_migrations (id, app, name, applied) FROM stdin;
1	contenttypes	0001_initial	2025-05-15 19:18:28.623277+00
2	contenttypes	0002_remove_content_type_name	2025-05-15 19:18:28.631983+00
3	auth	0001_initial	2025-05-15 19:18:28.697082+00
4	auth	0002_alter_permission_name_max_length	2025-05-15 19:18:28.702223+00
5	auth	0003_alter_user_email_max_length	2025-05-15 19:18:28.706494+00
6	auth	0004_alter_user_username_opts	2025-05-15 19:18:28.711257+00
7	auth	0005_alter_user_last_login_null	2025-05-15 19:18:28.7158+00
8	auth	0006_require_contenttypes_0002	2025-05-15 19:18:28.717827+00
9	auth	0007_alter_validators_add_error_messages	2025-05-15 19:18:28.722523+00
10	auth	0008_alter_user_username_max_length	2025-05-15 19:18:28.727001+00
11	auth	0009_alter_user_last_name_max_length	2025-05-15 19:18:28.731709+00
12	auth	0010_alter_group_name_max_length	2025-05-15 19:18:28.737991+00
13	auth	0011_update_proxy_permissions	2025-05-15 19:18:28.743656+00
14	auth	0012_alter_user_first_name_max_length	2025-05-15 19:18:28.748388+00
15	authentication	0001_initial	2025-05-15 19:18:28.825106+00
16	admin	0001_initial	2025-05-15 19:18:28.85228+00
17	admin	0002_logentry_remove_auto_add	2025-05-15 19:18:28.858839+00
18	admin	0003_logentry_add_action_flag_choices	2025-05-15 19:18:28.864502+00
19	admin_app	0001_initial	2025-05-15 19:18:28.932718+00
20	sessions	0001_initial	2025-05-15 19:18:28.951999+00
21	token_blacklist	0001_initial	2025-05-15 19:18:28.996256+00
22	token_blacklist	0002_outstandingtoken_jti_hex	2025-05-15 19:18:29.004784+00
23	token_blacklist	0003_auto_20171017_2007	2025-05-15 19:18:29.018986+00
24	token_blacklist	0004_auto_20171017_2013	2025-05-15 19:18:29.035549+00
25	token_blacklist	0005_remove_outstandingtoken_jti	2025-05-15 19:18:29.042235+00
26	token_blacklist	0006_auto_20171017_2113	2025-05-15 19:18:29.050004+00
27	token_blacklist	0007_auto_20171017_2214	2025-05-15 19:18:29.09189+00
28	token_blacklist	0008_migrate_to_bigautofield	2025-05-15 19:18:29.147819+00
29	token_blacklist	0010_fix_migrate_to_bigautofield	2025-05-15 19:18:29.164774+00
30	token_blacklist	0011_linearizes_history	2025-05-15 19:18:29.167228+00
31	token_blacklist	0012_alter_outstandingtoken_user	2025-05-15 19:18:29.174079+00
32	authentication	0002_visiteduserdata	2025-05-23 14:09:44.04328+00
33	django_celery_beat	0001_initial	2025-05-23 14:09:44.115063+00
34	django_celery_beat	0002_auto_20161118_0346	2025-05-23 14:09:44.136641+00
35	django_celery_beat	0003_auto_20161209_0049	2025-05-23 14:09:44.150668+00
36	django_celery_beat	0004_auto_20170221_0000	2025-05-23 14:09:44.155373+00
37	django_celery_beat	0005_add_solarschedule_events_choices	2025-05-23 14:09:44.15911+00
38	django_celery_beat	0006_auto_20180322_0932	2025-05-23 14:09:44.201436+00
39	django_celery_beat	0007_auto_20180521_0826	2025-05-23 14:09:44.217819+00
40	django_celery_beat	0008_auto_20180914_1922	2025-05-23 14:09:44.250525+00
41	django_celery_beat	0006_auto_20180210_1226	2025-05-23 14:09:44.270173+00
42	django_celery_beat	0006_periodictask_priority	2025-05-23 14:09:44.279676+00
43	django_celery_beat	0009_periodictask_headers	2025-05-23 14:09:44.289409+00
44	django_celery_beat	0010_auto_20190429_0326	2025-05-23 14:09:44.510367+00
45	django_celery_beat	0011_auto_20190508_0153	2025-05-23 14:09:44.534456+00
46	django_celery_beat	0012_periodictask_expire_seconds	2025-05-23 14:09:44.544022+00
47	django_celery_beat	0013_auto_20200609_0727	2025-05-23 14:09:44.555418+00
48	django_celery_beat	0014_remove_clockedschedule_enabled	2025-05-23 14:09:44.559683+00
49	django_celery_beat	0015_edit_solarschedule_events_choices	2025-05-23 14:09:44.563644+00
50	django_celery_beat	0016_alter_crontabschedule_timezone	2025-05-23 14:09:44.574578+00
51	django_celery_beat	0017_alter_crontabschedule_month_of_year	2025-05-23 14:09:44.583838+00
52	django_celery_beat	0018_improve_crontab_helptext	2025-05-23 14:09:44.591028+00
53	django_celery_beat	0019_alter_periodictasks_options	2025-05-23 14:09:44.593909+00
\.


--
-- Data for Name: django_session; Type: TABLE DATA; Schema: public; Owner: postgres
--

COPY public.django_session (session_key, session_data, expire_date) FROM stdin;
\.


--
-- Data for Name: token_blacklist_blacklistedtoken; Type: TABLE DATA; Schema: public; Owner: postgres
--

COPY public.token_blacklist_blacklistedtoken (id, blacklisted_at, token_id) FROM stdin;
1	2025-05-15 21:20:45.849129+00	2
2	2025-05-16 23:43:37.038836+00	4
\.


--
-- Data for Name: token_blacklist_outstandingtoken; Type: TABLE DATA; Schema: public; Owner: postgres
--

COPY public.token_blacklist_outstandingtoken (id, token, created_at, expires_at, user_id, jti) FROM stdin;
1	eyJhbGciOiJIUzI1NiIsInR5cCI6IkpXVCJ9.eyJ0b2tlbl90eXBlIjoicmVmcmVzaCIsImV4cCI6MTc0Nzk0NjI4OCwiaWF0IjoxNzQ3MzQxNDg4LCJqdGkiOiIyZmU4MmUxNDlmZWM0MTkxOGIyMmI1YmEyOTBmN2NmMCIsInVzZXJfaWQiOjF9.NekpUEM61GveaWU_9H1aJuXZjgfVUb9C6lAQjMtFgwk	2025-05-15 20:38:08.496374+00	2025-05-22 20:38:08+00	1	2fe82e149fec41918b22b5ba290f7cf0
2	eyJhbGciOiJIUzI1NiIsInR5cCI6IkpXVCJ9.eyJ0b2tlbl90eXBlIjoicmVmcmVzaCIsImV4cCI6MTc0Nzk0ODM5OSwiaWF0IjoxNzQ3MzQzNTk5LCJqdGkiOiI2MTdmMGI3MGQ1NGI0ZWVkOWY1NzYyNmM1YmQyMzFkNiIsInVzZXJfaWQiOjJ9.LDOlkUZDIVnR6IXOYT0AAkdixPqzQw_isNtCMT6I4Fo	2025-05-15 21:13:19.617929+00	2025-05-22 21:13:19+00	2	617f0b70d54b4eed9f57626c5bd231d6
3	eyJhbGciOiJIUzI1NiIsInR5cCI6IkpXVCJ9.eyJ0b2tlbl90eXBlIjoicmVmcmVzaCIsImV4cCI6MTc0Nzk0ODg5OCwiaWF0IjoxNzQ3MzQ0MDk4LCJqdGkiOiIwMTNhMGViNzk5N2I0OTFmYmJhNTdiY2JkZDQyN2ZjOSIsInVzZXJfaWQiOjJ9.ZSgXkv5JVimQ_N-jKkdFyffcOMZpc3Fw3xf1RT3PbeA	2025-05-15 21:21:38.296337+00	2025-05-22 21:21:38+00	2	013a0eb7997b491fbba57bcbdd427fc9
4	eyJhbGciOiJIUzI1NiIsInR5cCI6IkpXVCJ9.eyJ0b2tlbl90eXBlIjoicmVmcmVzaCIsImV4cCI6MTc0ODA0MzgwNSwiaWF0IjoxNzQ3NDM5MDA1LCJqdGkiOiJjMmJlMjcxYzEzMWI0ZDAyOGNkOGRmMmYzYjliOTdiNyIsInVzZXJfaWQiOjJ9.kf0muqFq7ml1TDuhbHnGOR4HspY2iMQA0zPnCKD36W8	2025-05-16 23:43:25.321665+00	2025-05-23 23:43:25+00	2	c2be271c131b4d028cd8df2f3b9b97b7
5	eyJhbGciOiJIUzI1NiIsInR5cCI6IkpXVCJ9.eyJ0b2tlbl90eXBlIjoicmVmcmVzaCIsImV4cCI6MTc0ODI3MjI2NiwiaWF0IjoxNzQ3NjY3NDY2LCJqdGkiOiJkZDVhOGYxMGRmYWI0ZjJiYmIxY2E4YWI5NGZkNWRjNiIsInVzZXJfaWQiOjJ9.YnfRveSGzQkmYXS7lHqDqydWAvpGSiFB4ZA0KCPaLuw	2025-05-19 15:11:06.859948+00	2025-05-26 15:11:06+00	2	dd5a8f10dfab4f2bbb1ca8ab94fd5dc6
6	eyJhbGciOiJIUzI1NiIsInR5cCI6IkpXVCJ9.eyJ0b2tlbl90eXBlIjoicmVmcmVzaCIsImV4cCI6MTc0ODQ1NjI4NSwiaWF0IjoxNzQ3ODUxNDg1LCJqdGkiOiIzNzkwNjg2OWViMjk0NjcxYjNhYTkzMTA2NzM1NzcwZiIsInVzZXJfaWQiOjJ9.K5YlDTYMmPTDaSgDd645Z-mnmAjV1gXeCGVRmbU3R70	2025-05-21 18:18:05.749733+00	2025-05-28 18:18:05+00	2	37906869eb294671b3aa93106735770f
7	eyJhbGciOiJIUzI1NiIsInR5cCI6IkpXVCJ9.eyJ0b2tlbl90eXBlIjoicmVmcmVzaCIsImV4cCI6MTc0ODYwODk4OSwiaWF0IjoxNzQ4MDA0MTg5LCJqdGkiOiIzNzE5ZDk3OGFkODE0MzQzOGVmMTFlOGQ1M2UzOWMzNCIsInVzZXJfaWQiOjJ9.Qhiie5A-5rpKfTDMdrRGVTxwYsUSZYjga2mLuw-B9q8	2025-05-23 12:43:09.075338+00	2025-05-30 12:43:09+00	2	3719d978ad8143438ef11e8d53e39c34
8	eyJhbGciOiJIUzI1NiIsInR5cCI6IkpXVCJ9.eyJ0b2tlbl90eXBlIjoicmVmcmVzaCIsImV4cCI6MTc0ODYxODYzNCwiaWF0IjoxNzQ4MDEzODM0LCJqdGkiOiJhMjcxYTcyODdlMDU0ODZhODRjOGU5NDk3N2Y5YWJkYyIsInVzZXJfaWQiOjJ9.xtX-b6rUhlLL4UvOMEH2v6gNHIK9tiFly35PZTI6UZU	2025-05-23 15:23:54.21642+00	2025-05-30 15:23:54+00	2	a271a7287e05486a84c8e94977f9abdc
9	eyJhbGciOiJIUzI1NiIsInR5cCI6IkpXVCJ9.eyJ0b2tlbl90eXBlIjoicmVmcmVzaCIsImV4cCI6MTc0OTc1MjA2OCwiaWF0IjoxNzQ5MTQ3MjY4LCJqdGkiOiJjOWI1NDFlNWIxYWE0ZDNjYTYwZjUxNGE3NzM4MWVhNCIsInVzZXJfaWQiOjJ9.AMKYgoOoh1d6tPq1OEOrZhXMEJK0Ye-WhoAjkVDRhVI	2025-06-05 18:14:28.091806+00	2025-06-12 18:14:28+00	2	c9b541e5b1aa4d3ca60f514a77381ea4
10	eyJhbGciOiJIUzI1NiIsInR5cCI6IkpXVCJ9.eyJ0b2tlbl90eXBlIjoicmVmcmVzaCIsImV4cCI6MTc0OTc1ODY1OCwiaWF0IjoxNzQ5MTUzODU4LCJqdGkiOiIyZGViNTA4YzBhNTU0Y2FjODNmMGYxNWM2ZDg5YzMyNyIsInVzZXJfaWQiOjJ9.hhDWxJWPtGRWPvRusqEFznSWgKlPSHZW4CaRJn1Y9R0	2025-06-05 20:04:18.356197+00	2025-06-12 20:04:18+00	2	2deb508c0a554cac83f0f15c6d89c327
11	eyJhbGciOiJIUzI1NiIsInR5cCI6IkpXVCJ9.eyJ0b2tlbl90eXBlIjoicmVmcmVzaCIsImV4cCI6MTc0OTgwMjg3MiwiaWF0IjoxNzQ5MTk4MDcyLCJqdGkiOiJhNmY1MDkzZGJmMDY0MDMwOWUwY2UzYzBjOTZmYzhjMyIsInVzZXJfaWQiOjJ9.suacKcs1a8s4ANrTT-E4iF3mjKA-JsgdoznUjWCHZUA	2025-06-06 08:21:12.350212+00	2025-06-13 08:21:12+00	2	a6f5093dbf0640309e0ce3c0c96fc8c3
12	eyJhbGciOiJIUzI1NiIsInR5cCI6IkpXVCJ9.eyJ0b2tlbl90eXBlIjoicmVmcmVzaCIsImV4cCI6MTc0OTgzODU1OCwiaWF0IjoxNzQ5MjMzNzU4LCJqdGkiOiI0MjRkM2Q5NDk3Mjk0MTc1OGFiMDU3OTZiNjhjMWM5ZSIsInVzZXJfaWQiOjJ9.yhG6ht7z45QjOcjctVIOVJKFeoYjPA3_rExuQsKFGts	2025-06-06 18:15:58.288043+00	2025-06-13 18:15:58+00	2	424d3d94972941758ab05796b68c1c9e
13	eyJhbGciOiJIUzI1NiIsInR5cCI6IkpXVCJ9.eyJ0b2tlbl90eXBlIjoicmVmcmVzaCIsImV4cCI6MTc0OTg3MTE2NiwiaWF0IjoxNzQ5MjY2MzY2LCJqdGkiOiI3NzY0MDFmNDAzYzY0YzE5OWFjZWYwZGZmZjdmYzZiNCIsInVzZXJfaWQiOjJ9.tjVx4if9jE_7o67hU7NVee0Ls_DNxdODhYG7A_XMA4w	2025-06-07 03:19:26.060996+00	2025-06-14 03:19:26+00	2	776401f403c64c199acef0dfff7fc6b4
14	eyJhbGciOiJIUzI1NiIsInR5cCI6IkpXVCJ9.eyJ0b2tlbl90eXBlIjoicmVmcmVzaCIsImV4cCI6MTc0OTg3NDgyNywiaWF0IjoxNzQ5MjcwMDI3LCJqdGkiOiIyOWVjNDg5MDQ1NDA0MzMwYTk0M2YwYzg1MGRjNWFlZSIsInVzZXJfaWQiOjJ9.KxKiubvgWpu-6QToYFJwuwXxd0Va_I4WG8qKj7Qs_to	2025-06-07 04:20:27.728268+00	2025-06-14 04:20:27+00	2	29ec489045404330a943f0c850dc5aee
15	eyJhbGciOiJIUzI1NiIsInR5cCI6IkpXVCJ9.eyJ0b2tlbl90eXBlIjoicmVmcmVzaCIsImV4cCI6MTc1MDI3OTI2NywiaWF0IjoxNzQ5Njc0NDY3LCJqdGkiOiI2MmE5OTEwODBiZmU0OTgzOGE3MDYwNWY4YzQwYTZjZSIsInVzZXJfaWQiOjJ9._YIyiibUQ-f-7HXA2hRMBDwJSK0nOqcEZnaXdRguFI8	2025-06-11 20:41:07.301177+00	2025-06-18 20:41:07+00	2	62a991080bfe49838a70605f8c40a6ce
16	eyJhbGciOiJIUzI1NiIsInR5cCI6IkpXVCJ9.eyJ0b2tlbl90eXBlIjoicmVmcmVzaCIsImV4cCI6MTc1MDI3OTI5NywiaWF0IjoxNzQ5Njc0NDk3LCJqdGkiOiI1MjM5ZjdmY2Y0ZDM0N2RmYTIyOGZkNDAwMjcwNzA1NCIsInVzZXJfaWQiOjJ9.UfV19yG3OeGZtnNhfEh5DZm8P_8PMNtbJySMVRuRSwo	2025-06-11 20:41:37.330307+00	2025-06-18 20:41:37+00	2	5239f7fcf4d347dfa228fd4002707054
17	eyJhbGciOiJIUzI1NiIsInR5cCI6IkpXVCJ9.eyJ0b2tlbl90eXBlIjoicmVmcmVzaCIsImV4cCI6MTc1MDI4MjMxNCwiaWF0IjoxNzQ5Njc3NTE0LCJqdGkiOiI5M2M5OTY4MzQyYzM0MDVhYWE5MmM2ZDlkZWFjMjRkOSIsInVzZXJfaWQiOjJ9.xnhB5T4sMyRr5dT-iJZHgDLkbPQgy1Yiirb6pc90yRY	2025-06-11 21:31:54.254134+00	2025-06-18 21:31:54+00	2	93c9968342c3405aaa92c6d9deac24d9
18	eyJhbGciOiJIUzI1NiIsInR5cCI6IkpXVCJ9.eyJ0b2tlbl90eXBlIjoicmVmcmVzaCIsImV4cCI6MTc1MDM4ODA4NiwiaWF0IjoxNzQ5NzgzMjg2LCJqdGkiOiI0Nzk2OTVhOTFlODc0MTA4YWIzODE5YjRmNzc0YTA4NyIsInVzZXJfaWQiOjJ9.VRo_vsJG1El3h-c9nd5MtdGIkTquzzhgSBKmsB7p1gw	2025-06-13 02:54:46.102561+00	2025-06-20 02:54:46+00	2	479695a91e874108ab3819b4f774a087
19	eyJhbGciOiJIUzI1NiIsInR5cCI6IkpXVCJ9.eyJ0b2tlbl90eXBlIjoicmVmcmVzaCIsImV4cCI6MTc1MDQ0OTEwNiwiaWF0IjoxNzQ5ODQ0MzA2LCJqdGkiOiJlYmYzMWZmZDAwMzg0ZmZlYjUwZTU5MWYzNjlkNjMyOCIsInVzZXJfaWQiOjJ9.cfNASwzJ2XBEGDZsuoPKarZKuISNMS2XU-IMjwHfVvQ	2025-06-13 19:51:46.480191+00	2025-06-20 19:51:46+00	2	ebf31ffd00384ffeb50e591f369d6328
20	eyJhbGciOiJIUzI1NiIsInR5cCI6IkpXVCJ9.eyJ0b2tlbl90eXBlIjoicmVmcmVzaCIsImV4cCI6MTc1MDQ1ODI1OSwiaWF0IjoxNzQ5ODUzNDU5LCJqdGkiOiJjOTVkNzZjNTk1ZTI0ZjUxODlhNjBjOTVlZjZlNDFiYiIsInVzZXJfaWQiOjJ9.6T5qm8PijEM0469rBgYdIf01AAz7Y6BjlPwpWN_z634	2025-06-13 22:24:19.83962+00	2025-06-20 22:24:19+00	2	c95d76c595e24f5189a60c95ef6e41bb
21	eyJhbGciOiJIUzI1NiIsInR5cCI6IkpXVCJ9.eyJ0b2tlbl90eXBlIjoicmVmcmVzaCIsImV4cCI6MTc1MDQ1ODQyMSwiaWF0IjoxNzQ5ODUzNjIxLCJqdGkiOiJkZGJkMDliYmMyYmY0MjZkYjUyODk4MDc1YjI1ZDA5YiIsInVzZXJfaWQiOjJ9.7gPT1mBmo9g8nEagNMXMg93bhnd1d6A8Ps0oZ_H3DR8	2025-06-13 22:27:01.332265+00	2025-06-20 22:27:01+00	2	ddbd09bbc2bf426db52898075b25d09b
22	eyJhbGciOiJIUzI1NiIsInR5cCI6IkpXVCJ9.eyJ0b2tlbl90eXBlIjoicmVmcmVzaCIsImV4cCI6MTc1MjI3NzU0NCwiaWF0IjoxNzUxNjcyNzQ0LCJqdGkiOiIzYzQ1MTFlNzA3ODI0OTkzOGNkOGM0YjVkM2ZiYzU4NiIsInVzZXJfaWQiOjJ9.8paeYWrefCTkFqF2PBPH9QaWwgttv07XS0iuVwz3rAA	2025-07-04 23:45:44.9941+00	2025-07-11 23:45:44+00	2	3c4511e7078249938cd8c4b5d3fbc586
23	eyJhbGciOiJIUzI1NiIsInR5cCI6IkpXVCJ9.eyJ0b2tlbl90eXBlIjoicmVmcmVzaCIsImV4cCI6MTc1MjUzOTI4MiwiaWF0IjoxNzUxOTM0NDgyLCJqdGkiOiI1ZDcwYmJhYzk4ZTM0ODNiYmQ2ZDhmNjcxM2MzMDQ4MCIsInVzZXJfaWQiOjJ9.YV00_ov4zqPhPrH6KjFQ5qxQt5uyOBRZo0-FHEhu8w8	2025-07-08 00:28:02.091627+00	2025-07-15 00:28:02+00	2	5d70bbac98e3483bbd6d8f6713c30480
24	eyJhbGciOiJIUzI1NiIsInR5cCI6IkpXVCJ9.eyJ0b2tlbl90eXBlIjoicmVmcmVzaCIsImV4cCI6MTc1MjgwMTIxOSwiaWF0IjoxNzUyMTk2NDE5LCJqdGkiOiJkMjc3ZmNmNjRhYWU0YjZmODFlZDI5MmI1NGYzNWM2YSIsInVzZXJfaWQiOjJ9.wCGgs3I423jmSEIkbCNbnfux05eFBkWf4ZsWze_Aw9E	2025-07-11 01:13:39.625643+00	2025-07-18 01:13:39+00	2	d277fcf64aae4b6f81ed292b54f35c6a
25	eyJhbGciOiJIUzI1NiIsInR5cCI6IkpXVCJ9.eyJ0b2tlbl90eXBlIjoicmVmcmVzaCIsImV4cCI6MTc1MjgwMTIyNywiaWF0IjoxNzUyMTk2NDI3LCJqdGkiOiJkMzEwNDQ0NjcxZmY0N2YwOWUwZDIzNTU5MmJhNDQ4MSIsInVzZXJfaWQiOjJ9.Bx7AovNBYJepg4cb43u6_pQacYTiL6oc8pGAqUgklAU	2025-07-11 01:13:47.358808+00	2025-07-18 01:13:47+00	2	d310444671ff47f09e0d235592ba4481
26	eyJhbGciOiJIUzI1NiIsInR5cCI6IkpXVCJ9.eyJ0b2tlbl90eXBlIjoicmVmcmVzaCIsImV4cCI6MTc1MjgwMTI5MiwiaWF0IjoxNzUyMTk2NDkyLCJqdGkiOiJmMmI4ODg5MmM0NTA0ODUxOWQ3ODM5ZTk1NGM1M2JlYiIsInVzZXJfaWQiOjJ9.heFKqmjIsKrbTygoK7Rw-tMGGlzJpJNpWFNGNoC_d_Y	2025-07-11 01:14:52.007854+00	2025-07-18 01:14:52+00	2	f2b88892c45048519d7839e954c53beb
27	eyJhbGciOiJIUzI1NiIsInR5cCI6IkpXVCJ9.eyJ0b2tlbl90eXBlIjoicmVmcmVzaCIsImV4cCI6MTc1MjgwNTkxMywiaWF0IjoxNzUyMjAxMTEzLCJqdGkiOiJmNDQyYzE2OWQzMWM0ODJhYWViNWU5ODZlODg4NjVmOSIsInVzZXJfaWQiOjJ9.Q2I73kVn50h0eyQu0D2eVhOTR7--gpBBHjWdTZSHKUI	2025-07-11 02:31:53.156415+00	2025-07-18 02:31:53+00	2	f442c169d31c482aaeb5e986e88865f9
28	eyJhbGciOiJIUzI1NiIsInR5cCI6IkpXVCJ9.eyJ0b2tlbl90eXBlIjoicmVmcmVzaCIsImV4cCI6MTc1MjgwNjU2MywiaWF0IjoxNzUyMjAxNzYzLCJqdGkiOiI4ZGI5MDgwMDkzOTM0ODE1ODYzOWJmZThiZjIzMjA2YiIsInVzZXJfaWQiOjJ9.TJS-EsKalFBhTfBFRGEJzR3VTewxV_kJp8VKz3bnlD8	2025-07-11 02:42:43.699704+00	2025-07-18 02:42:43+00	2	8db90800939348158639bfe8bf23206b
29	eyJhbGciOiJIUzI1NiIsInR5cCI6IkpXVCJ9.eyJ0b2tlbl90eXBlIjoicmVmcmVzaCIsImV4cCI6MTc1MjgwNjU5MCwiaWF0IjoxNzUyMjAxNzkwLCJqdGkiOiJmYzA5YjU0Y2NlMjE0OGNkYjg2OWYzMGM1ZGI4ZWIxNCIsInVzZXJfaWQiOjJ9.OO0Y_LAL2eiEvNLjNV4PwvDb_y3Iyt9bkeXla_WDtA4	2025-07-11 02:43:10.173834+00	2025-07-18 02:43:10+00	2	fc09b54cce2148cdb869f30c5db8eb14
\.


--
-- Data for Name: user; Type: TABLE DATA; Schema: public; Owner: postgres
--

COPY public."user" (id, password, last_login, is_superuser, username, first_name, last_name, is_staff, is_active, date_joined, email) FROM stdin;
1	pbkdf2_sha256$1000000$eiCXYQ2GQn3DXt82oB3Zir$Mj1J01SHGUiZJ5SM6GElH1zBDmaq4U/lERArybAmmrM=	\N	t	dentalcare@gmail.com			t	t	2025-05-15 20:37:50.860984+00	dentalcare@gmail.com
2	pbkdf2_sha256$1000000$Vdx0RDdj3747zjfGvH9dIm$22bX81i5plbA9TzSev+ExVI326uwai1UF3OWDf3a2hw=	\N	t	daljinder@gmail.com			t	t	2025-05-15 21:08:12.074747+00	daljinder@gmail.com
\.


--
-- Data for Name: user_groups; Type: TABLE DATA; Schema: public; Owner: postgres
--

COPY public.user_groups (id, user_id, group_id) FROM stdin;
\.


--
-- Data for Name: user_user_permissions; Type: TABLE DATA; Schema: public; Owner: postgres
--

COPY public.user_user_permissions (id, user_id, permission_id) FROM stdin;
\.


--
-- Name: admin_app_businesshours_id_seq; Type: SEQUENCE SET; Schema: public; Owner: postgres
--

SELECT pg_catalog.setval('public.admin_app_businesshours_id_seq', 287, true);


--
-- Name: admin_app_clinicimage_id_seq; Type: SEQUENCE SET; Schema: public; Owner: postgres
--

SELECT pg_catalog.setval('public.admin_app_clinicimage_id_seq', 204, true);


--
-- Name: admin_app_dentalclinic_id_seq; Type: SEQUENCE SET; Schema: public; Owner: postgres
--

SELECT pg_catalog.setval('public.admin_app_dentalclinic_id_seq', 41, true);


--
-- Name: admin_app_review_id_seq; Type: SEQUENCE SET; Schema: public; Owner: postgres
--

SELECT pg_catalog.setval('public.admin_app_review_id_seq', 205, true);


--
-- Name: auth_group_id_seq; Type: SEQUENCE SET; Schema: public; Owner: postgres
--

SELECT pg_catalog.setval('public.auth_group_id_seq', 1, false);


--
-- Name: auth_group_permissions_id_seq; Type: SEQUENCE SET; Schema: public; Owner: postgres
--

SELECT pg_catalog.setval('public.auth_group_permissions_id_seq', 1, false);


--
-- Name: auth_permission_id_seq; Type: SEQUENCE SET; Schema: public; Owner: postgres
--

SELECT pg_catalog.setval('public.auth_permission_id_seq', 76, true);


--
-- Name: authentication_visiteduserdata_id_seq; Type: SEQUENCE SET; Schema: public; Owner: postgres
--

SELECT pg_catalog.setval('public.authentication_visiteduserdata_id_seq', 132, true);


--
-- Name: django_admin_log_id_seq; Type: SEQUENCE SET; Schema: public; Owner: postgres
--

SELECT pg_catalog.setval('public.django_admin_log_id_seq', 1, false);


--
-- Name: django_celery_beat_clockedschedule_id_seq; Type: SEQUENCE SET; Schema: public; Owner: postgres
--

SELECT pg_catalog.setval('public.django_celery_beat_clockedschedule_id_seq', 1, false);


--
-- Name: django_celery_beat_crontabschedule_id_seq; Type: SEQUENCE SET; Schema: public; Owner: postgres
--

SELECT pg_catalog.setval('public.django_celery_beat_crontabschedule_id_seq', 1, false);


--
-- Name: django_celery_beat_intervalschedule_id_seq; Type: SEQUENCE SET; Schema: public; Owner: postgres
--

SELECT pg_catalog.setval('public.django_celery_beat_intervalschedule_id_seq', 1, false);


--
-- Name: django_celery_beat_periodictask_id_seq; Type: SEQUENCE SET; Schema: public; Owner: postgres
--

SELECT pg_catalog.setval('public.django_celery_beat_periodictask_id_seq', 1, false);


--
-- Name: django_celery_beat_solarschedule_id_seq; Type: SEQUENCE SET; Schema: public; Owner: postgres
--

SELECT pg_catalog.setval('public.django_celery_beat_solarschedule_id_seq', 1, false);


--
-- Name: django_content_type_id_seq; Type: SEQUENCE SET; Schema: public; Owner: postgres
--

SELECT pg_catalog.setval('public.django_content_type_id_seq', 19, true);


--
-- Name: django_migrations_id_seq; Type: SEQUENCE SET; Schema: public; Owner: postgres
--

SELECT pg_catalog.setval('public.django_migrations_id_seq', 53, true);


--
-- Name: token_blacklist_blacklistedtoken_id_seq; Type: SEQUENCE SET; Schema: public; Owner: postgres
--

SELECT pg_catalog.setval('public.token_blacklist_blacklistedtoken_id_seq', 2, true);


--
-- Name: token_blacklist_outstandingtoken_id_seq; Type: SEQUENCE SET; Schema: public; Owner: postgres
--

SELECT pg_catalog.setval('public.token_blacklist_outstandingtoken_id_seq', 29, true);


--
-- Name: user_groups_id_seq; Type: SEQUENCE SET; Schema: public; Owner: postgres
--

SELECT pg_catalog.setval('public.user_groups_id_seq', 1, false);


--
-- Name: user_id_seq; Type: SEQUENCE SET; Schema: public; Owner: postgres
--

SELECT pg_catalog.setval('public.user_id_seq', 2, true);


--
-- Name: user_user_permissions_id_seq; Type: SEQUENCE SET; Schema: public; Owner: postgres
--

SELECT pg_catalog.setval('public.user_user_permissions_id_seq', 1, false);


--
-- Name: admin_app_businesshours admin_app_businesshours_clinic_id_day_03186b9b_uniq; Type: CONSTRAINT; Schema: public; Owner: postgres
--

ALTER TABLE ONLY public.admin_app_businesshours
    ADD CONSTRAINT admin_app_businesshours_clinic_id_day_03186b9b_uniq UNIQUE (clinic_id, day);


--
-- Name: admin_app_businesshours admin_app_businesshours_pkey; Type: CONSTRAINT; Schema: public; Owner: postgres
--

ALTER TABLE ONLY public.admin_app_businesshours
    ADD CONSTRAINT admin_app_businesshours_pkey PRIMARY KEY (id);


--
-- Name: admin_app_clinicimage admin_app_clinicimage_pkey; Type: CONSTRAINT; Schema: public; Owner: postgres
--

ALTER TABLE ONLY public.admin_app_clinicimage
    ADD CONSTRAINT admin_app_clinicimage_pkey PRIMARY KEY (id);


--
-- Name: admin_app_dentalclinic admin_app_dentalclinic_pkey; Type: CONSTRAINT; Schema: public; Owner: postgres
--

ALTER TABLE ONLY public.admin_app_dentalclinic
    ADD CONSTRAINT admin_app_dentalclinic_pkey PRIMARY KEY (id);


--
-- Name: admin_app_review admin_app_review_pkey; Type: CONSTRAINT; Schema: public; Owner: postgres
--

ALTER TABLE ONLY public.admin_app_review
    ADD CONSTRAINT admin_app_review_pkey PRIMARY KEY (id);


--
-- Name: auth_group auth_group_name_key; Type: CONSTRAINT; Schema: public; Owner: postgres
--

ALTER TABLE ONLY public.auth_group
    ADD CONSTRAINT auth_group_name_key UNIQUE (name);


--
-- Name: auth_group_permissions auth_group_permissions_group_id_permission_id_0cd325b0_uniq; Type: CONSTRAINT; Schema: public; Owner: postgres
--

ALTER TABLE ONLY public.auth_group_permissions
    ADD CONSTRAINT auth_group_permissions_group_id_permission_id_0cd325b0_uniq UNIQUE (group_id, permission_id);


--
-- Name: auth_group_permissions auth_group_permissions_pkey; Type: CONSTRAINT; Schema: public; Owner: postgres
--

ALTER TABLE ONLY public.auth_group_permissions
    ADD CONSTRAINT auth_group_permissions_pkey PRIMARY KEY (id);


--
-- Name: auth_group auth_group_pkey; Type: CONSTRAINT; Schema: public; Owner: postgres
--

ALTER TABLE ONLY public.auth_group
    ADD CONSTRAINT auth_group_pkey PRIMARY KEY (id);


--
-- Name: auth_permission auth_permission_content_type_id_codename_01ab375a_uniq; Type: CONSTRAINT; Schema: public; Owner: postgres
--

ALTER TABLE ONLY public.auth_permission
    ADD CONSTRAINT auth_permission_content_type_id_codename_01ab375a_uniq UNIQUE (content_type_id, codename);


--
-- Name: auth_permission auth_permission_pkey; Type: CONSTRAINT; Schema: public; Owner: postgres
--

ALTER TABLE ONLY public.auth_permission
    ADD CONSTRAINT auth_permission_pkey PRIMARY KEY (id);


--
-- Name: authentication_visiteduserdata authentication_visiteduserdata_email_key; Type: CONSTRAINT; Schema: public; Owner: postgres
--

ALTER TABLE ONLY public.authentication_visiteduserdata
    ADD CONSTRAINT authentication_visiteduserdata_email_key UNIQUE (email);


--
-- Name: authentication_visiteduserdata authentication_visiteduserdata_pkey; Type: CONSTRAINT; Schema: public; Owner: postgres
--

ALTER TABLE ONLY public.authentication_visiteduserdata
    ADD CONSTRAINT authentication_visiteduserdata_pkey PRIMARY KEY (id);


--
-- Name: django_admin_log django_admin_log_pkey; Type: CONSTRAINT; Schema: public; Owner: postgres
--

ALTER TABLE ONLY public.django_admin_log
    ADD CONSTRAINT django_admin_log_pkey PRIMARY KEY (id);


--
-- Name: django_celery_beat_clockedschedule django_celery_beat_clockedschedule_pkey; Type: CONSTRAINT; Schema: public; Owner: postgres
--

ALTER TABLE ONLY public.django_celery_beat_clockedschedule
    ADD CONSTRAINT django_celery_beat_clockedschedule_pkey PRIMARY KEY (id);


--
-- Name: django_celery_beat_crontabschedule django_celery_beat_crontabschedule_pkey; Type: CONSTRAINT; Schema: public; Owner: postgres
--

ALTER TABLE ONLY public.django_celery_beat_crontabschedule
    ADD CONSTRAINT django_celery_beat_crontabschedule_pkey PRIMARY KEY (id);


--
-- Name: django_celery_beat_intervalschedule django_celery_beat_intervalschedule_pkey; Type: CONSTRAINT; Schema: public; Owner: postgres
--

ALTER TABLE ONLY public.django_celery_beat_intervalschedule
    ADD CONSTRAINT django_celery_beat_intervalschedule_pkey PRIMARY KEY (id);


--
-- Name: django_celery_beat_periodictask django_celery_beat_periodictask_name_key; Type: CONSTRAINT; Schema: public; Owner: postgres
--

ALTER TABLE ONLY public.django_celery_beat_periodictask
    ADD CONSTRAINT django_celery_beat_periodictask_name_key UNIQUE (name);


--
-- Name: django_celery_beat_periodictask django_celery_beat_periodictask_pkey; Type: CONSTRAINT; Schema: public; Owner: postgres
--

ALTER TABLE ONLY public.django_celery_beat_periodictask
    ADD CONSTRAINT django_celery_beat_periodictask_pkey PRIMARY KEY (id);


--
-- Name: django_celery_beat_periodictasks django_celery_beat_periodictasks_pkey; Type: CONSTRAINT; Schema: public; Owner: postgres
--

ALTER TABLE ONLY public.django_celery_beat_periodictasks
    ADD CONSTRAINT django_celery_beat_periodictasks_pkey PRIMARY KEY (ident);


--
-- Name: django_celery_beat_solarschedule django_celery_beat_solar_event_latitude_longitude_ba64999a_uniq; Type: CONSTRAINT; Schema: public; Owner: postgres
--

ALTER TABLE ONLY public.django_celery_beat_solarschedule
    ADD CONSTRAINT django_celery_beat_solar_event_latitude_longitude_ba64999a_uniq UNIQUE (event, latitude, longitude);


--
-- Name: django_celery_beat_solarschedule django_celery_beat_solarschedule_pkey; Type: CONSTRAINT; Schema: public; Owner: postgres
--

ALTER TABLE ONLY public.django_celery_beat_solarschedule
    ADD CONSTRAINT django_celery_beat_solarschedule_pkey PRIMARY KEY (id);


--
-- Name: django_content_type django_content_type_app_label_model_76bd3d3b_uniq; Type: CONSTRAINT; Schema: public; Owner: postgres
--

ALTER TABLE ONLY public.django_content_type
    ADD CONSTRAINT django_content_type_app_label_model_76bd3d3b_uniq UNIQUE (app_label, model);


--
-- Name: django_content_type django_content_type_pkey; Type: CONSTRAINT; Schema: public; Owner: postgres
--

ALTER TABLE ONLY public.django_content_type
    ADD CONSTRAINT django_content_type_pkey PRIMARY KEY (id);


--
-- Name: django_migrations django_migrations_pkey; Type: CONSTRAINT; Schema: public; Owner: postgres
--

ALTER TABLE ONLY public.django_migrations
    ADD CONSTRAINT django_migrations_pkey PRIMARY KEY (id);


--
-- Name: django_session django_session_pkey; Type: CONSTRAINT; Schema: public; Owner: postgres
--

ALTER TABLE ONLY public.django_session
    ADD CONSTRAINT django_session_pkey PRIMARY KEY (session_key);


--
-- Name: token_blacklist_blacklistedtoken token_blacklist_blacklistedtoken_pkey; Type: CONSTRAINT; Schema: public; Owner: postgres
--

ALTER TABLE ONLY public.token_blacklist_blacklistedtoken
    ADD CONSTRAINT token_blacklist_blacklistedtoken_pkey PRIMARY KEY (id);


--
-- Name: token_blacklist_blacklistedtoken token_blacklist_blacklistedtoken_token_id_key; Type: CONSTRAINT; Schema: public; Owner: postgres
--

ALTER TABLE ONLY public.token_blacklist_blacklistedtoken
    ADD CONSTRAINT token_blacklist_blacklistedtoken_token_id_key UNIQUE (token_id);


--
-- Name: token_blacklist_outstandingtoken token_blacklist_outstandingtoken_jti_hex_d9bdf6f7_uniq; Type: CONSTRAINT; Schema: public; Owner: postgres
--

ALTER TABLE ONLY public.token_blacklist_outstandingtoken
    ADD CONSTRAINT token_blacklist_outstandingtoken_jti_hex_d9bdf6f7_uniq UNIQUE (jti);


--
-- Name: token_blacklist_outstandingtoken token_blacklist_outstandingtoken_pkey; Type: CONSTRAINT; Schema: public; Owner: postgres
--

ALTER TABLE ONLY public.token_blacklist_outstandingtoken
    ADD CONSTRAINT token_blacklist_outstandingtoken_pkey PRIMARY KEY (id);


--
-- Name: user user_email_key; Type: CONSTRAINT; Schema: public; Owner: postgres
--

ALTER TABLE ONLY public."user"
    ADD CONSTRAINT user_email_key UNIQUE (email);


--
-- Name: user_groups user_groups_pkey; Type: CONSTRAINT; Schema: public; Owner: postgres
--

ALTER TABLE ONLY public.user_groups
    ADD CONSTRAINT user_groups_pkey PRIMARY KEY (id);


--
-- Name: user_groups user_groups_user_id_group_id_40beef00_uniq; Type: CONSTRAINT; Schema: public; Owner: postgres
--

ALTER TABLE ONLY public.user_groups
    ADD CONSTRAINT user_groups_user_id_group_id_40beef00_uniq UNIQUE (user_id, group_id);


--
-- Name: user user_pkey; Type: CONSTRAINT; Schema: public; Owner: postgres
--

ALTER TABLE ONLY public."user"
    ADD CONSTRAINT user_pkey PRIMARY KEY (id);


--
-- Name: user_user_permissions user_user_permissions_pkey; Type: CONSTRAINT; Schema: public; Owner: postgres
--

ALTER TABLE ONLY public.user_user_permissions
    ADD CONSTRAINT user_user_permissions_pkey PRIMARY KEY (id);


--
-- Name: user_user_permissions user_user_permissions_user_id_permission_id_7dc6e2e0_uniq; Type: CONSTRAINT; Schema: public; Owner: postgres
--

ALTER TABLE ONLY public.user_user_permissions
    ADD CONSTRAINT user_user_permissions_user_id_permission_id_7dc6e2e0_uniq UNIQUE (user_id, permission_id);


--
-- Name: user user_username_key; Type: CONSTRAINT; Schema: public; Owner: postgres
--

ALTER TABLE ONLY public."user"
    ADD CONSTRAINT user_username_key UNIQUE (username);


--
-- Name: admin_app_businesshours_clinic_id_eb3329d6; Type: INDEX; Schema: public; Owner: postgres
--

CREATE INDEX admin_app_businesshours_clinic_id_eb3329d6 ON public.admin_app_businesshours USING btree (clinic_id);


--
-- Name: admin_app_clinicimage_clinic_id_bb175e21; Type: INDEX; Schema: public; Owner: postgres
--

CREATE INDEX admin_app_clinicimage_clinic_id_bb175e21 ON public.admin_app_clinicimage USING btree (clinic_id);


--
-- Name: admin_app_d_latitud_f369ba_idx; Type: INDEX; Schema: public; Owner: postgres
--

CREATE INDEX admin_app_d_latitud_f369ba_idx ON public.admin_app_dentalclinic USING btree (latitude, longitude);


--
-- Name: admin_app_review_clinic_id_750f0f81; Type: INDEX; Schema: public; Owner: postgres
--

CREATE INDEX admin_app_review_clinic_id_750f0f81 ON public.admin_app_review USING btree (clinic_id);


--
-- Name: auth_group_name_a6ea08ec_like; Type: INDEX; Schema: public; Owner: postgres
--

CREATE INDEX auth_group_name_a6ea08ec_like ON public.auth_group USING btree (name varchar_pattern_ops);


--
-- Name: auth_group_permissions_group_id_b120cbf9; Type: INDEX; Schema: public; Owner: postgres
--

CREATE INDEX auth_group_permissions_group_id_b120cbf9 ON public.auth_group_permissions USING btree (group_id);


--
-- Name: auth_group_permissions_permission_id_84c5c92e; Type: INDEX; Schema: public; Owner: postgres
--

CREATE INDEX auth_group_permissions_permission_id_84c5c92e ON public.auth_group_permissions USING btree (permission_id);


--
-- Name: auth_permission_content_type_id_2f476e4b; Type: INDEX; Schema: public; Owner: postgres
--

CREATE INDEX auth_permission_content_type_id_2f476e4b ON public.auth_permission USING btree (content_type_id);


--
-- Name: authentication_visiteduserdata_email_9ed1e7b4_like; Type: INDEX; Schema: public; Owner: postgres
--

CREATE INDEX authentication_visiteduserdata_email_9ed1e7b4_like ON public.authentication_visiteduserdata USING btree (email varchar_pattern_ops);


--
-- Name: django_admin_log_content_type_id_c4bce8eb; Type: INDEX; Schema: public; Owner: postgres
--

CREATE INDEX django_admin_log_content_type_id_c4bce8eb ON public.django_admin_log USING btree (content_type_id);


--
-- Name: django_admin_log_user_id_c564eba6; Type: INDEX; Schema: public; Owner: postgres
--

CREATE INDEX django_admin_log_user_id_c564eba6 ON public.django_admin_log USING btree (user_id);


--
-- Name: django_celery_beat_periodictask_clocked_id_47a69f82; Type: INDEX; Schema: public; Owner: postgres
--

CREATE INDEX django_celery_beat_periodictask_clocked_id_47a69f82 ON public.django_celery_beat_periodictask USING btree (clocked_id);


--
-- Name: django_celery_beat_periodictask_crontab_id_d3cba168; Type: INDEX; Schema: public; Owner: postgres
--

CREATE INDEX django_celery_beat_periodictask_crontab_id_d3cba168 ON public.django_celery_beat_periodictask USING btree (crontab_id);


--
-- Name: django_celery_beat_periodictask_interval_id_a8ca27da; Type: INDEX; Schema: public; Owner: postgres
--

CREATE INDEX django_celery_beat_periodictask_interval_id_a8ca27da ON public.django_celery_beat_periodictask USING btree (interval_id);


--
-- Name: django_celery_beat_periodictask_name_265a36b7_like; Type: INDEX; Schema: public; Owner: postgres
--

CREATE INDEX django_celery_beat_periodictask_name_265a36b7_like ON public.django_celery_beat_periodictask USING btree (name varchar_pattern_ops);


--
-- Name: django_celery_beat_periodictask_solar_id_a87ce72c; Type: INDEX; Schema: public; Owner: postgres
--

CREATE INDEX django_celery_beat_periodictask_solar_id_a87ce72c ON public.django_celery_beat_periodictask USING btree (solar_id);


--
-- Name: django_session_expire_date_a5c62663; Type: INDEX; Schema: public; Owner: postgres
--

CREATE INDEX django_session_expire_date_a5c62663 ON public.django_session USING btree (expire_date);


--
-- Name: django_session_session_key_c0390e0f_like; Type: INDEX; Schema: public; Owner: postgres
--

CREATE INDEX django_session_session_key_c0390e0f_like ON public.django_session USING btree (session_key varchar_pattern_ops);


--
-- Name: token_blacklist_outstandingtoken_jti_hex_d9bdf6f7_like; Type: INDEX; Schema: public; Owner: postgres
--

CREATE INDEX token_blacklist_outstandingtoken_jti_hex_d9bdf6f7_like ON public.token_blacklist_outstandingtoken USING btree (jti varchar_pattern_ops);


--
-- Name: token_blacklist_outstandingtoken_user_id_83bc629a; Type: INDEX; Schema: public; Owner: postgres
--

CREATE INDEX token_blacklist_outstandingtoken_user_id_83bc629a ON public.token_blacklist_outstandingtoken USING btree (user_id);


--
-- Name: user_email_54dc62b2_like; Type: INDEX; Schema: public; Owner: postgres
--

CREATE INDEX user_email_54dc62b2_like ON public."user" USING btree (email varchar_pattern_ops);


--
-- Name: user_groups_group_id_b76f8aba; Type: INDEX; Schema: public; Owner: postgres
--

CREATE INDEX user_groups_group_id_b76f8aba ON public.user_groups USING btree (group_id);


--
-- Name: user_groups_user_id_abaea130; Type: INDEX; Schema: public; Owner: postgres
--

CREATE INDEX user_groups_user_id_abaea130 ON public.user_groups USING btree (user_id);


--
-- Name: user_user_permissions_permission_id_9deb68a3; Type: INDEX; Schema: public; Owner: postgres
--

CREATE INDEX user_user_permissions_permission_id_9deb68a3 ON public.user_user_permissions USING btree (permission_id);


--
-- Name: user_user_permissions_user_id_ed4a47ea; Type: INDEX; Schema: public; Owner: postgres
--

CREATE INDEX user_user_permissions_user_id_ed4a47ea ON public.user_user_permissions USING btree (user_id);


--
-- Name: user_username_cf016618_like; Type: INDEX; Schema: public; Owner: postgres
--

CREATE INDEX user_username_cf016618_like ON public."user" USING btree (username varchar_pattern_ops);


--
-- Name: admin_app_businesshours admin_app_businessho_clinic_id_eb3329d6_fk_admin_app; Type: FK CONSTRAINT; Schema: public; Owner: postgres
--

ALTER TABLE ONLY public.admin_app_businesshours
    ADD CONSTRAINT admin_app_businessho_clinic_id_eb3329d6_fk_admin_app FOREIGN KEY (clinic_id) REFERENCES public.admin_app_dentalclinic(id) DEFERRABLE INITIALLY DEFERRED;


--
-- Name: admin_app_clinicimage admin_app_clinicimag_clinic_id_bb175e21_fk_admin_app; Type: FK CONSTRAINT; Schema: public; Owner: postgres
--

ALTER TABLE ONLY public.admin_app_clinicimage
    ADD CONSTRAINT admin_app_clinicimag_clinic_id_bb175e21_fk_admin_app FOREIGN KEY (clinic_id) REFERENCES public.admin_app_dentalclinic(id) DEFERRABLE INITIALLY DEFERRED;


--
-- Name: admin_app_review admin_app_review_clinic_id_750f0f81_fk_admin_app; Type: FK CONSTRAINT; Schema: public; Owner: postgres
--

ALTER TABLE ONLY public.admin_app_review
    ADD CONSTRAINT admin_app_review_clinic_id_750f0f81_fk_admin_app FOREIGN KEY (clinic_id) REFERENCES public.admin_app_dentalclinic(id) DEFERRABLE INITIALLY DEFERRED;


--
-- Name: auth_group_permissions auth_group_permissio_permission_id_84c5c92e_fk_auth_perm; Type: FK CONSTRAINT; Schema: public; Owner: postgres
--

ALTER TABLE ONLY public.auth_group_permissions
    ADD CONSTRAINT auth_group_permissio_permission_id_84c5c92e_fk_auth_perm FOREIGN KEY (permission_id) REFERENCES public.auth_permission(id) DEFERRABLE INITIALLY DEFERRED;


--
-- Name: auth_group_permissions auth_group_permissions_group_id_b120cbf9_fk_auth_group_id; Type: FK CONSTRAINT; Schema: public; Owner: postgres
--

ALTER TABLE ONLY public.auth_group_permissions
    ADD CONSTRAINT auth_group_permissions_group_id_b120cbf9_fk_auth_group_id FOREIGN KEY (group_id) REFERENCES public.auth_group(id) DEFERRABLE INITIALLY DEFERRED;


--
-- Name: auth_permission auth_permission_content_type_id_2f476e4b_fk_django_co; Type: FK CONSTRAINT; Schema: public; Owner: postgres
--

ALTER TABLE ONLY public.auth_permission
    ADD CONSTRAINT auth_permission_content_type_id_2f476e4b_fk_django_co FOREIGN KEY (content_type_id) REFERENCES public.django_content_type(id) DEFERRABLE INITIALLY DEFERRED;


--
-- Name: django_admin_log django_admin_log_content_type_id_c4bce8eb_fk_django_co; Type: FK CONSTRAINT; Schema: public; Owner: postgres
--

ALTER TABLE ONLY public.django_admin_log
    ADD CONSTRAINT django_admin_log_content_type_id_c4bce8eb_fk_django_co FOREIGN KEY (content_type_id) REFERENCES public.django_content_type(id) DEFERRABLE INITIALLY DEFERRED;


--
-- Name: django_admin_log django_admin_log_user_id_c564eba6_fk_user_id; Type: FK CONSTRAINT; Schema: public; Owner: postgres
--

ALTER TABLE ONLY public.django_admin_log
    ADD CONSTRAINT django_admin_log_user_id_c564eba6_fk_user_id FOREIGN KEY (user_id) REFERENCES public."user"(id) DEFERRABLE INITIALLY DEFERRED;


--
-- Name: django_celery_beat_periodictask django_celery_beat_p_clocked_id_47a69f82_fk_django_ce; Type: FK CONSTRAINT; Schema: public; Owner: postgres
--

ALTER TABLE ONLY public.django_celery_beat_periodictask
    ADD CONSTRAINT django_celery_beat_p_clocked_id_47a69f82_fk_django_ce FOREIGN KEY (clocked_id) REFERENCES public.django_celery_beat_clockedschedule(id) DEFERRABLE INITIALLY DEFERRED;


--
-- Name: django_celery_beat_periodictask django_celery_beat_p_crontab_id_d3cba168_fk_django_ce; Type: FK CONSTRAINT; Schema: public; Owner: postgres
--

ALTER TABLE ONLY public.django_celery_beat_periodictask
    ADD CONSTRAINT django_celery_beat_p_crontab_id_d3cba168_fk_django_ce FOREIGN KEY (crontab_id) REFERENCES public.django_celery_beat_crontabschedule(id) DEFERRABLE INITIALLY DEFERRED;


--
-- Name: django_celery_beat_periodictask django_celery_beat_p_interval_id_a8ca27da_fk_django_ce; Type: FK CONSTRAINT; Schema: public; Owner: postgres
--

ALTER TABLE ONLY public.django_celery_beat_periodictask
    ADD CONSTRAINT django_celery_beat_p_interval_id_a8ca27da_fk_django_ce FOREIGN KEY (interval_id) REFERENCES public.django_celery_beat_intervalschedule(id) DEFERRABLE INITIALLY DEFERRED;


--
-- Name: django_celery_beat_periodictask django_celery_beat_p_solar_id_a87ce72c_fk_django_ce; Type: FK CONSTRAINT; Schema: public; Owner: postgres
--

ALTER TABLE ONLY public.django_celery_beat_periodictask
    ADD CONSTRAINT django_celery_beat_p_solar_id_a87ce72c_fk_django_ce FOREIGN KEY (solar_id) REFERENCES public.django_celery_beat_solarschedule(id) DEFERRABLE INITIALLY DEFERRED;


--
-- Name: token_blacklist_blacklistedtoken token_blacklist_blacklistedtoken_token_id_3cc7fe56_fk; Type: FK CONSTRAINT; Schema: public; Owner: postgres
--

ALTER TABLE ONLY public.token_blacklist_blacklistedtoken
    ADD CONSTRAINT token_blacklist_blacklistedtoken_token_id_3cc7fe56_fk FOREIGN KEY (token_id) REFERENCES public.token_blacklist_outstandingtoken(id) DEFERRABLE INITIALLY DEFERRED;


--
-- Name: token_blacklist_outstandingtoken token_blacklist_outstandingtoken_user_id_83bc629a_fk_user_id; Type: FK CONSTRAINT; Schema: public; Owner: postgres
--

ALTER TABLE ONLY public.token_blacklist_outstandingtoken
    ADD CONSTRAINT token_blacklist_outstandingtoken_user_id_83bc629a_fk_user_id FOREIGN KEY (user_id) REFERENCES public."user"(id) DEFERRABLE INITIALLY DEFERRED;


--
-- Name: user_groups user_groups_group_id_b76f8aba_fk_auth_group_id; Type: FK CONSTRAINT; Schema: public; Owner: postgres
--

ALTER TABLE ONLY public.user_groups
    ADD CONSTRAINT user_groups_group_id_b76f8aba_fk_auth_group_id FOREIGN KEY (group_id) REFERENCES public.auth_group(id) DEFERRABLE INITIALLY DEFERRED;


--
-- Name: user_groups user_groups_user_id_abaea130_fk_user_id; Type: FK CONSTRAINT; Schema: public; Owner: postgres
--

ALTER TABLE ONLY public.user_groups
    ADD CONSTRAINT user_groups_user_id_abaea130_fk_user_id FOREIGN KEY (user_id) REFERENCES public."user"(id) DEFERRABLE INITIALLY DEFERRED;


--
-- Name: user_user_permissions user_user_permission_permission_id_9deb68a3_fk_auth_perm; Type: FK CONSTRAINT; Schema: public; Owner: postgres
--

ALTER TABLE ONLY public.user_user_permissions
    ADD CONSTRAINT user_user_permission_permission_id_9deb68a3_fk_auth_perm FOREIGN KEY (permission_id) REFERENCES public.auth_permission(id) DEFERRABLE INITIALLY DEFERRED;


--
-- Name: user_user_permissions user_user_permissions_user_id_ed4a47ea_fk_user_id; Type: FK CONSTRAINT; Schema: public; Owner: postgres
--

ALTER TABLE ONLY public.user_user_permissions
    ADD CONSTRAINT user_user_permissions_user_id_ed4a47ea_fk_user_id FOREIGN KEY (user_id) REFERENCES public."user"(id) DEFERRABLE INITIALLY DEFERRED;


--
-- PostgreSQL database dump complete
--

